编号,维度,问题,判定,说明,条款直查,首条来源
D1-01,条款精确定位,证券期货投资者适当性管理办法第二十九条怎么规定的,通过,命中 1/1 个锚点,1,证券期货投资者适当性管理办法.txt
D1-02,条款精确定位,证券法第八十八条讲的是什么,通过,命中 1/1 个锚点,1,中华人民共和国证券法_20191228.pdf
D1-03,条款精确定位,期货和衍生品法对适当性义务是怎么规定的,未通过,只命中 0/1 个锚点（需要 1 个）,0,《证券期货投资者适当性管理办法》问答.pdf
D1-04,条款精确定位,适当性管理相关资料最少要保存多少年,通过,命中 1/1 个锚点,0,期货经营机构交易者适当性管理实施细则.html
D1-05,条款精确定位,基金募集机构指引里普通投资者和基金风险等级的匹配原则是什么,通过,命中 1/1 个锚点,0,基金募集机构投资者适当性管理实施指引（试行）.html
D1-06,条款精确定位,证券公司监督管理条例第二十九条对证券公司的要求是什么,通过,命中 1/1 个锚点,1,证券公司监督管理条例_20140729.docx
D2-01,跨层级综合,客户适当性管理这件事从法律到自律规则分别是怎么要求的,未通过,只命中 0/3 个锚点（需要 2 个）,0,《证券期货投资者适当性管理办法》问答.pdf
D2-02,跨层级综合,违反投资者适当性义务会有什么后果,未通过,只命中 1/2 个锚点（需要 2 个）,0,《证券期货投资者适当性管理办法》问答.pdf
D2-03,跨层级综合,普通投资者在适当性管理里受到哪些特别保护,未通过,只命中 1/2 个锚点（需要 2 个）,0,《证券期货投资者适当性管理办法》问答.pdf
D2-04,跨层级综合,销售高风险产品在流程上有什么额外要求,通过,命中 2/2 个锚点,0,期货经营机构交易者适当性管理实施细则.html
D3-01,概念与定义,什么算是专业投资者,通过,命中 1/1 个锚点,0,证券期货投资者适当性管理办法.txt
D3-02,概念与定义,C1到C5是什么意思,通过,命中 1/1 个锚点,0,基金募集机构投资者适当性管理实施指引（试行）.html
D3-03,概念与定义,R1到R5是什么,通过,命中 1/1 个锚点,0,基金募集机构投资者适当性管理实施指引（试行）.html
D3-04,概念与定义,什么是风险承受能力最低类别投资者,通过,命中 1/1 个锚点,0,基金募集机构投资者适当性管理实施指引（试行）.html
D3-05,概念与定义,适当性匹配意见能不能代替投资者自己判断,通过,命中 1/1 个锚点,0,《证券期货投资者适当性管理办法》问答.pdf
D4-01,数值与门槛,创业板个人投资者的资产门槛和交易经验要求是多少,通过,命中 1/1 个锚点,0,深圳证券交易所创业板投资者适当性管理.docx
D4-02,数值与门槛,违反证券法第八十八条的适当性义务会被罚多少钱,通过,命中 1/1 个锚点,1,中华人民共和国证券法_20191228.pdf
D4-03,数值与门槛,违反适当性管理办法最多罚多少钱,通过,命中 1/1 个锚点,0,《证券期货投资者适当性管理办法》问答.pdf
D4-04,数值与门槛,普通投资者风险承受能力评估有没有次数限制,通过,命中 1/1 个锚点,0,公开募集证券投资基金投资者适当性管理细则.pdf
D4-05,数值与门槛,适当性自查多久做一次,通过,命中 2/2 个锚点,0,期货经营机构交易者适当性管理实施细则.html
D4-06,数值与门槛,期货经营机构每年要回访多大比例的客户,通过,命中 1/1 个锚点,0,期货经营机构交易者适当性管理实施细则.html
D5-01,时效与效力,证券期货投资者适当性管理办法现在有效的是哪个版本,通过,命中 1/1 个锚点,0,《证券期货投资者适当性管理办法》问答.pdf
D5-02,时效与效力,证券期货投资者适当性管理办法问答和办法本身是什么关系,通过,命中 1/1 个锚点,0,《证券期货投资者适当性管理办法》问答.pdf
D5-03,时效与效力,期货交易管理条例是什么时候开始施行的,通过,命中 1/1 个锚点,0,期货交易管理条例_20170301.docx
D5-04,时效与效力,2020年那次修正是改了什么内容,待人工,"这一题的正确答案是""没有答案""，检索层判不了，需要人读问答结果",0,中华人民共和国证券法_20191228.pdf
D6-01,业务场景判断,客户风险测评是C3想买R5的基金能不能卖,未通过,只命中 0/1 个锚点（需要 1 个）,0,基金募集机构投资者适当性管理实施指引（试行）.html
D6-02,业务场景判断,客户属于风险承受能力最低类别但坚持要买R5产品能不能卖,未通过,只命中 0/1 个锚点（需要 1 个）,0,《证券期货投资者适当性管理办法》问答.pdf
D6-03,业务场景判断,向65岁以上的老年客户推销高风险基金要注意什么,通过,命中 1/1 个锚点,0,公开募集证券投资基金投资者适当性管理细则.pdf
D6-04,业务场景判断,销售人员能不能自己给客户做风险承受能力测评,未通过,只命中 0/1 个锚点（需要 1 个）,0,《证券期货投资者适当性管理办法》问答.pdf
D6-05,业务场景判断,现场向普通投资者做风险告知要留什么记录,通过,命中 1/1 个锚点,0,基金募集机构投资者适当性管理实施指引（试行）.html
D6-06,业务场景判断,客户不配合提供适当性信息怎么办,未通过,只命中 0/1 个锚点（需要 1 个）,0,深圳证券交易所创业板投资者适当性管理.docx
D6-07,业务场景判断,委托第三方做产品风险等级划分适当性义务能不能转移给第三方,通过,命中 1/1 个锚点,0,基金募集机构投资者适当性管理实施指引（试行）.html
D7-01,跨业务线差异,证券期货基金三条线在投资者分类上的要求一样吗,未通过,只命中 0/2 个锚点（需要 2 个）,0,《证券期货投资者适当性管理办法》问答.pdf
D7-02,跨业务线差异,高风险产品的冷静期要求在哪条业务线上有明确规定,通过,命中 1/1 个锚点,0,期货经营机构交易者适当性管理实施细则.html
D7-03,跨业务线差异,证券和期货在适当性义务上的法律规定有什么区别,未通过,只命中 0/2 个锚点（需要 2 个）,0,《证券期货投资者适当性管理办法》问答.pdf
D7-04,跨业务线差异,基金销售和证券经纪这两条线的自律规则分别是谁发布的,未通过,只命中 0/2 个锚点（需要 2 个）,0,公开募集证券投资基金投资者适当性管理细则.pdf
D8-01,边界与拒答,美国SEC的投资者适当性规则是什么,待人工,"这一题的正确答案是""没有答案""，检索层判不了，需要人读问答结果",0,《证券期货投资者适当性管理办法》问答.pdf
D8-02,边界与拒答,欧盟MiFID II对适当性有什么要求,待人工,"这一题的正确答案是""没有答案""，检索层判不了，需要人读问答结果",0,《证券期货投资者适当性管理办法》问答.pdf
D8-03,边界与拒答,证券期货投资者适当性管理办法第八十条怎么规定的,待人工,"这一题的正确答案是""没有答案""，检索层判不了，需要人读问答结果",0,证券期货经营机构及其工作人员廉洁从业规定.txt
D8-04,边界与拒答,帮我写一份适当性管理整改方案,待人工,"这一题的正确答案是""没有答案""，检索层判不了，需要人读问答结果",0,上海证券交易所会员管理业务指南第1号.docx
D8-05,边界与拒答,2023年之后适当性管理办法又修订过吗,待人工,"这一题的正确答案是""没有答案""，检索层判不了，需要人读问答结果",0,证券期货投资者适当性管理办法.txt
D8-06,边界与拒答,给我推荐几只适合买的基金,待人工,"这一题的正确答案是""没有答案""，检索层判不了，需要人读问答结果",0,证券公司监督管理条例_20140729.docx
