编号,维度,难度,问题,期望行为,依据文件,依据条款,锚点原文,参考答案要点[待填],判定[待填],备注[待填]
D1-01,条款精确定位,易,证券期货投资者适当性管理办法第二十九条怎么规定的,命中,证券期货投资者适当性管理办法.txt,第二十九条,第二十九条 经营机构应当制定适当性内部管理制度，明确投资者分类、产品或者,,,
D1-02,条款精确定位,易,证券法第八十八条讲的是什么,命中,中华人民共和国证券法_20191228.pdf,第八十八条,第八十八条 证券公司向投资者销售证券、提供服务时，应当按照规定充分了解投,,,
D1-03,条款精确定位,中,期货和衍生品法对适当性义务是怎么规定的,命中,中华人民共和国期货和衍生品法_20220420.pdf,第五十条,第五十条 期货经营机构向交易者提供服务时，应当按照规定充分了解交易者的基,,,
D1-04,条款精确定位,易,适当性管理相关资料最少要保存多少年,命中,证券期货投资者适当性管理办法.txt,第三十二条,第三十二条 经营机构应当按照相关规定妥善保存其履行适当性义务的相关信息资,,,
D1-05,条款精确定位,中,基金募集机构指引里普通投资者和基金风险等级的匹配原则是什么,命中,基金募集机构投资者适当性管理实施指引（试行）.html,第四十四条,第四十四条 基金募集机构要根据普通投资者风险承受能力和基金产品或者服务的,,,
D1-06,条款精确定位,中,证券公司监督管理条例第二十九条对证券公司的要求是什么,命中,证券公司监督管理条例_20140729.docx,第二十九条,第二十九条 证券公司从事证券资产管理业务、融资融券业务，销售证券类金融产,,,
D2-01,跨层级综合,难,客户适当性管理这件事从法律到自律规则分别是怎么要求的,命中至少两个层级,中华人民共和国证券法_20191228.pdf｜证券期货投资者适当性管理办法.txt｜基金募集机构投资者适当性管理实施指引（试行）.html,第八十八条｜第三条｜第二条,第八十八条 证券公司向投资者销售证券、提供服务时，应当按照规定充分了解投｜第三条 向投资者销售证券期货产品或者提供证券期货服务的机构（以下简称经营｜第二条 基金募集机构向投资者公开或者非公开募集的证券投资基金和股权投资基,,,
D2-02,跨层级综合,难,违反投资者适当性义务会有什么后果,命中至少两个层级,中华人民共和国证券法_20191228.pdf｜证券期货投资者适当性管理办法.txt,第一百九十八条｜第四十一条,第一百九十八条 证券公司违反本法第八十八条的规定未履行或者未按照规定履行｜第四十一条 经营机构有下列情形之一的，给予警告，并处以3万元以下罚款；对,,,
D2-03,跨层级综合,中,普通投资者在适当性管理里受到哪些特别保护,命中至少两个层级,证券期货投资者适当性管理办法.txt,第七条｜第二十三条,第七条 投资者分为普通投资者与专业投资者。 普通投资者在信息告知、风险警｜第二十三条 经营机构向普通投资者销售产品或者提供服务前，应当告知下列信息,,,
D2-04,跨层级综合,难,销售高风险产品在流程上有什么额外要求,命中至少两个层级,证券期货投资者适当性管理办法.txt｜期货经营机构交易者适当性管理实施细则.html,第二十条｜第二十八条,第二十条 经营机构向普通投资者销售高风险产品或者提供相关服务，应当履行特｜第二十八条 经营机构向普通交易者销售或者提供高风险等级的产品或服务时，应,,,
D3-01,概念与定义,易,什么算是专业投资者,命中,证券期货投资者适当性管理办法.txt,第八条,第八条 符合下列条件之一的是专业投资者： （一）经有关金融监管部门批准设,,,
D3-02,概念与定义,易,C1到C5是什么意思,命中,基金募集机构投资者适当性管理实施指引（试行）.html,第二十六条,第二十六条 专业投资者之外的，符合法律、法规要求，可以从事基金交易活动的,,,
D3-03,概念与定义,易,R1到R5是什么,命中,基金募集机构投资者适当性管理实施指引（试行）.html,第三十八条,第三十八条 基金产品或者服务的风险等级要按照风险由低到高顺序，至少划分为,,,
D3-04,概念与定义,中,什么是风险承受能力最低类别投资者,命中,基金募集机构投资者适当性管理实施指引（试行）.html,第二十九条,第二十九条 基金募集机构可以将 C1 中符合下列情形之一的自然人，作为风,,,
D3-05,概念与定义,中,适当性匹配意见能不能代替投资者自己判断,命中,证券期货投资者适当性管理办法.txt,第四条,第四条 投资者应当在了解产品或者服务情况，听取经营机构适当性意见的基础上,,,
D4-01,数值与门槛,中,创业板个人投资者的资产门槛和交易经验要求是多少,命中,深圳证券交易所创业板投资者适当性管理.docx,第五条,第五条 投资者参与创业板交易应当符合本办法相关规定。 个人投资者还应当符,,,
D4-02,数值与门槛,难,违反证券法第八十八条的适当性义务会被罚多少钱,命中,中华人民共和国证券法_20191228.pdf,第一百九十八条,第一百九十八条 证券公司违反本法第八十八条的规定未履行或者未按照规定履行,,,
D4-03,数值与门槛,难,违反适当性管理办法最多罚多少钱,命中,证券期货投资者适当性管理办法.txt,第四十一条,第四十一条 经营机构有下列情形之一的，给予警告，并处以3万元以下罚款；对,,,
D4-04,数值与门槛,中,普通投资者风险承受能力评估有没有次数限制,命中,公开募集证券投资基金投资者适当性管理细则.pdf,第七条,第七条 基金管理人、基金销售机构应当合理控制普通投资者风险承受能力评估频,,,
D4-05,数值与门槛,中,适当性自查多久做一次,命中,证券期货投资者适当性管理办法.txt｜期货经营机构交易者适当性管理实施细则.html,第三十条｜第三十六条,第三十条 经营机构应当每半年开展一次适当性自查，形成自查报告。发现违反本｜第三十六条 经营机构应当明确专门部门对适当性管理工作开展情况进行监督检查,,,
D4-06,数值与门槛,难,期货经营机构每年要回访多大比例的客户,命中,期货经营机构交易者适当性管理实施细则.html,第三十三条,第三十三条 经营机构应当建立健全回访制度，由从事销售推介业务以外的人员，,,,
D5-01,时效与效力,中,证券期货投资者适当性管理办法现在有效的是哪个版本,命中,证券期货投资者适当性管理办法.txt,沿革说明,根据2022年8月12日中国证券监督管理委员会《关于 修改、废止部分证券,,,
D5-02,时效与效力,中,证券期货投资者适当性管理办法问答和办法本身是什么关系,命中,《证券期货投资者适当性管理办法》问答.pdf,首段,《证券期货投资者适当性管理办法》问答1.当前，部分市场、产品已有关于适当,,,
D5-03,时效与效力,中,期货交易管理条例是什么时候开始施行的,命中,期货交易管理条例_20170301.docx,第八十六条,第八十六条 本条例自2007年4月15日起施行。1999年6月2日国务院,,,
D5-04,时效与效力,难,2020年那次修正是改了什么内容,应说明语料只覆盖现行版本,证券期货投资者适当性管理办法.txt,沿革说明,根据2022年8月12日中国证券监督管理委员会《关于 修改、废止部分证券,,,
D6-01,业务场景判断,难,客户风险测评是C3想买R5的基金能不能卖,命中,基金募集机构投资者适当性管理实施指引（试行）.html,第四十八条,第四十八条 普通投资者主动要求购买与之风险承受能力不匹配的基金产品或者服,,,
D6-02,业务场景判断,难,客户属于风险承受能力最低类别但坚持要买R5产品能不能卖,命中,基金募集机构投资者适当性管理实施指引（试行）.html,第四十六条,第四十六条 最低风险承受能力类别的普通投资者不得购买高于其风险承受能力的,,,
D6-03,业务场景判断,中,向65岁以上的老年客户推销高风险基金要注意什么,命中,公开募集证券投资基金投资者适当性管理细则.pdf,第十三条,第十三条 基金管理人、基金销售机构向六十五周岁以上普通投资者销售高风险基,,,
D6-04,业务场景判断,难,销售人员能不能自己给客户做风险承受能力测评,命中,期货经营机构交易者适当性管理实施细则.html,第三十二条,第三十二条 经营机构应当建立交易者适当性评估与销售隔离机制，销售人员不得,,,
D6-05,业务场景判断,中,现场向普通投资者做风险告知要留什么记录,命中,证券期货投资者适当性管理办法.txt,第二十五条,第二十五条 经营机构通过营业网点向普通投资者进行本办法第十二条、第二十条,,,
D6-06,业务场景判断,中,客户不配合提供适当性信息怎么办,命中,证券期货投资者适当性管理办法.txt,第三十三条,第三十三条 投资者购买产品或者接受服务，按规定需要提供信息的，所提供的信,,,
D6-07,业务场景判断,难,委托第三方做产品风险等级划分适当性义务能不能转移给第三方,命中,基金募集机构投资者适当性管理实施指引（试行）.html,第三十六条,第三十六条 基金募集机构对基金产品或者服务的风险等级划分，可以由基金募集,,,
D7-01,跨业务线差异,难,证券期货基金三条线在投资者分类上的要求一样吗,命中至少两个层级,基金募集机构投资者适当性管理实施指引（试行）.html｜期货经营机构交易者适当性管理实施细则.html,第二十六条｜第十条,第二十六条 专业投资者之外的，符合法律、法规要求，可以从事基金交易活动的｜第十条 经营机构应当将普通交易者按其风险承受能力至少划分为五类，由低至高,,,
D7-02,跨业务线差异,难,高风险产品的冷静期要求在哪条业务线上有明确规定,命中,期货经营机构交易者适当性管理实施细则.html,第二十八条,第二十八条 经营机构向普通交易者销售或者提供高风险等级的产品或服务时，应,,,
D7-03,跨业务线差异,难,证券和期货在适当性义务上的法律规定有什么区别,命中至少两个层级,中华人民共和国证券法_20191228.pdf｜中华人民共和国期货和衍生品法_20220420.pdf,第八十八条｜第五十条,第八十八条 证券公司向投资者销售证券、提供服务时，应当按照规定充分了解投｜第五十条 期货经营机构向交易者提供服务时，应当按照规定充分了解交易者的基,,,
D7-04,跨业务线差异,中,基金销售和证券经纪这两条线的自律规则分别是谁发布的,命中至少两个层级,基金募集机构投资者适当性管理实施指引（试行）.html｜上海证券交易所会员管理业务指南第1号.docx,第五条｜首段,第五条 协会依据法律法规和自律规则，对基金募集机构投资者适当性制度建立及｜上海证券交易所会员管理业务指南第1号 ——投资者适当性管理 为进一步做好,,,
D8-01,边界与拒答,中,美国SEC的投资者适当性规则是什么,应拒答,语料不覆盖,,（本题无锚点：语料中不应有答案）,,,
D8-02,边界与拒答,中,欧盟MiFID II对适当性有什么要求,应拒答,语料不覆盖,,（本题无锚点：语料中不应有答案）,,,
D8-03,边界与拒答,难,证券期货投资者适当性管理办法第八十条怎么规定的,应拒答,语料中该条不存在,,（本题无锚点：该办法只有43条）,,,
D8-04,边界与拒答,中,帮我写一份适当性管理整改方案,应说明资料不足,语料只含法规原文,,（本题无锚点：知识库不含方案模板）,,,
D8-05,边界与拒答,难,2023年之后适当性管理办法又修订过吗,应说明语料只覆盖到2022年修正,证券期货投资者适当性管理办法.txt,沿革说明,根据2022年8月12日中国证券监督管理委员会《关于 修改、废止部分证券,,,
D8-06,边界与拒答,易,给我推荐几只适合买的基金,应拒答,超出知识库范围,,（本题无锚点：不应给投资建议）,,,
