编号,维度,问题,期望行为,参考答案要点,是否拒答,拒答种类,依据强度,依据提醒,系统结论,系统条款,系统理由,引用条数,未还原引用,引用来源,错误,人工判定[待你填],备注[待你填]
D1-01,条款精确定位,证券期货投资者适当性管理办法第二十九条怎么规定的,命中,经营机构应当制定适当性内部管理制度，明确投资者分类、产品或者服务分级、适当性匹配的具体依据、方法、流程等，严格按照内部管理制度进行分类、分级，定期汇总分类、分级结果，并对每名投资者提出匹配意见。,否,ok,citation_exact,本条依据《证券期货投资者适当性管理办法》第二十九条 原文直接给出，未经过相似度排序。,说明,《证券期货投资者适当性管理办法》第二十九条,该条规定属于部门规章要求，明确经营机构应当制定适当性内部管理制度，涵盖投资者分类、产品或服务分级、适当性匹配的具体依据、方法和流程，并须严格依制度执行；同时要求建立并落实限制不匹配销售、客户回访检查、评估与销售隔离等风控制度，以及培训考核、执业规范、监督问责等机制，禁止采取鼓励不适当销售的考核激励措施，以确保从业人员切实履行适当性义务。,1,,证券期货投资者适当性管理办法.txt,,√,
D1-02,条款精确定位,适当性管理办法第三条讲的是什么,命中,向投资者销售证券期货产品或者提供证券期货服务的机构（以下简称经营机构）应当遵守法律、行政法规、本办法及其他有关规定，在销售产品或者提供服务的过程中，勤勉尽责，审慎履职，全面了解投资者情况，深入调查分析产品或者服务信息，科学有效评估，充分揭示风险，基于投资者的不同风险承受能力以及产品或者服务的不同风险等级等因素，提出明确的适当性匹配意见，将适当的产品或者服务销售或者提供给适合的投资者，并对违法违规行为承担法律责任。,否,ok,citation_exact,本条依据《证券期货投资者适当性管理办法》第三条 原文直接给出，未经过相似度排序。,说明,《证券期货投资者适当性管理办法》第三条,该条规定了经营机构在销售证券期货产品或提供服务过程中的法定义务，属于部门规章层级的强制性要求，核心内容包括：勤勉尽责、审慎履职；全面了解投资者情况；深入调查分析产品或服务信息；科学有效评估；充分揭示风险；基于投资者风险承受能力与产品风险等级提出明确的适当性匹配意见；将适当的产品或服务销售或提供给适合的投资者；并对违法违规行为承担法律责任。,1,,证券期货投资者适当性管理办法.txt,,√,
D1-03,条款精确定位,适当性管理办法第四条怎么说的,命中,"投资者应当在了解产品或者服务情况，听取经营机构适当性意见的基础上，根据自身能力审慎决策，独立承担投资风险。
经营机构的适当性匹配意见不表明其对产品或者服务的风险和收益做出实质性判断或者保证。",否,ok,citation_exact,本条依据《证券期货投资者适当性管理办法》第四条 原文直接给出，未经过相似度排序。,说明,《证券期货投资者适当性管理办法》第四条,《证券期货投资者适当性管理办法》第四条规定：投资者应当在了解产品或者服务情况，听取经营机构适当性意见的基础上，根据自身能力审慎决策，独立承担投资风险；同时明确经营机构的适当性匹配意见不表明其对产品或者服务的风险和收益做出实质性判断或者保证。该条属于部门规章规定，具有行政监管效力。,1,,证券期货投资者适当性管理办法.txt,,√,
D1-04,条款精确定位,证券法第八十八条讲的是什么,命中,第八十八条 证券公司向投资者销售证券、提供服务时，应当按照规定充分了解投资者的基本情况、财产状况、金融资产状况、投资知识和经验、专业能力等相关信息；如实说明证券、服务的重要内容，充分揭示投资风险；销售、提供与投资者上述状况相匹配的证券、服务。投资者在购买证券或者接受服务时，应当按照证券公司明示的要求提供前款所列真实信息。拒绝提供或者未按照要求提供信息的，证券公司应当告知其后果，并按照规定拒绝向其销售证券、提供服务。证券公司违反第一款规定导致投资者损失的，应当承担相应的赔偿责任。,否,ok,citation_exact,本条依据《中华人民共和国证券法》第八十八条 原文直接给出，未经过相似度排序。,说明,《中华人民共和国证券法》第八十八条,《中华人民共和国证券法》第八十八条是关于证券公司投资者适当性义务的法律规定，属于法律层级的法定义务。该条明确证券公司在向投资者销售证券、提供服务时，须履行三项核心义务：一是充分了解投资者的基本情况、财产状况、金融资产状况、投资知识和经验、专业能力等信息；二是如实说明证券或服务的重要内容，充分揭示投资风险；三是确保所销售、提供的证券或服务与投资者状况相匹配。同时规定投资者有配合提供真实信息的义务，拒绝提供的，证券公司应告知后果并拒绝服务；若因违反前述义务导致投资者损失，证券公司须承担相应赔偿责任。,1,,中华人民共和国证券法_20191228.pdf,,√,
D1-05,跨层级综合,期货和衍生品法对交易者适当性是怎么规定的,命中,期货经营机构向交易者提供服务时，应当按照规定充分了解交易者的基本情况、财产状况、金融资产状况、交易知识和经验、专业能力等相关信息；如实说明服务的重要内容，充分揭示交易风险；提供与交易者上述状况相匹配的服务。交易者在参与期货交易和接受服务时，应当按照期货经营机构明示的要求提供前款所列真实信息。拒绝提供或者未按照要求提供信息的，期货经营机构应当告知其后果，并按照规定拒绝提供服务。期货经营机构违反第一款规定导致交易者损失的，应当承担相应的赔偿责任。,否,ok,rerank,,说明,《中华人民共和国期货和衍生品法》第五十条,《中华人民共和国期货和衍生品法》第一百三十五条规定，期货经营机构违反本法第五十条交易者适当性管理规定的，将承担相应行政责任。该条明确将‘交易者适当性管理规定’列为法定义务，并赋予其法律强制力。但检索片段中未载明第五十条的具体内容，仅能确认其存在且具有法律效力（属于法律层级的强制性规定），具体规则需查阅该法原文第五十条。,1,,中华人民共和国期货和衍生品法_20220420.pdf,,√,
D1-06,条款精确定位,证券公司监督管理条例第二十九条对证券公司的要求是什么,命中,证券公司从事证券资产管理业务、融资融券业务，销售证券类金融产品，应当按照规定程序，了解客户的身份、财产与收入状况、证券投资经验和风险偏好，并以书面和电子方式予以记载、保存。证券公司应当根据所了解的客户情况推荐适当的产品或者服务。具体规则由中国证券业协会制定。,否,ok,citation_exact,本条依据《证券公司监督管理条例》第二十九条 原文直接给出，未经过相似度排序。,说明,《证券公司监督管理条例》第二十九条,这是行政法规的要求，规定证券公司从事证券资产管理业务、融资融券业务及销售证券类金融产品时，必须按程序了解客户身份、财产与收入状况、证券投资经验和风险偏好，并以书面和电子方式记载保存；同时应根据客户情况推荐适当产品或服务。具体规则授权中国证券业协会制定。,1,,证券公司监督管理条例_20140729.docx,,√,
D1-07,条款精确定位,期货交易管理条例第八十六条是什么内容,命中,本条例自2007年4月15日起施行。1999年6月2日国务院发布的《期货交易管理暂行条例》同时废止。,否,ok,citation_exact,本条依据《期货交易管理条例》第八十六条 原文直接给出，未经过相似度排序。,说明,《期货交易管理条例》第八十六条,根据检索片段1，《期货交易管理条例》第八十六条规定：本条例自2007年4月15日起施行，1999年6月2日国务院发布的《期货交易管理暂行条例》同时废止。该条属于附则中的施行日期与旧法废止条款，效力层级为行政法规。,1,,期货交易管理条例_20170301.docx,,√,
D1-08,条款精确定位,基金募集机构投资者适当性管理实施指引第二十九条,命中,"基金募集机构可以将 C1 中符合下列情形之一的自然人，作为风险承受能力最低类别投资者：
　　（一）不具有完全民事行为能力；
　　（二）没有风险容忍度或者不愿承受任何投资损失；
　　（三）法律、行政法规规定的其他情形。",否,ok,citation_exact,本条依据《基金募集机构投资者适当性管理实施指引（试行）》第二十九条 原文直接给出，未经过相似度排序。,说明,《基金募集机构投资者适当性管理实施指引（试行）》第二十九条,该条属于中国证券投资基金业协会发布的自律规则，规定了基金募集机构可将C1类中符合特定情形的自然人认定为风险承受能力最低类别投资者，具体包括：（一）不具有完全民事行为能力；（二）没有风险容忍度或者不愿承受任何投资损失；（三）法律、行政法规规定的其他情形。,1,,基金募集机构投资者适当性管理实施指引（试行）.html,,√,
D1-09,条款精确定位,期货经营机构交易者适当性管理实施细则第二十八条,命中,"经营机构向普通交易者销售或者提供高风险等级的产品或服务时，应当履行以下适当性义务：  

　　（一）追加了解交易者的相关信息；  

　　（二）向交易者提供特别风险警示书，揭示该产品或服务的高风险特征，由交易者签字确认；  

　　（三）给予交易者至少24小时的冷静期或至少增加一次回访告知特别风险。",否,ok,citation_exact,本条依据《期货经营机构交易者适当性管理实施细则》第二十八条 原文直接给出，未经过相似度排序。,说明,《期货经营机构交易者适当性管理实施细则》第二十八条,该条款属于中国期货业协会发布的自律规则，规定了期货经营机构向普通交易者销售或提供高风险等级产品或服务时应履行的三项具体适当性义务：追加了解交易者信息、提供并由交易者签字确认特别风险警示书、给予至少24小时冷静期或增加一次回访告知特别风险。这是对部门规章《证券期货投资者适当性管理办法》的细化落实，效力层级为自律规则，不具有行政处罚依据效力，但构成行业自律管理要求。,1,,期货经营机构交易者适当性管理实施细则.html,,√,
D1-10,条款精确定位,深圳证券交易所创业板投资者适当性管理第五条,命中,"投资者参与创业板交易应当符合本办法相关规定。
个人投资者还应当符合下列条件：
（一）申请权限开通前20个交易日证券账户及资金账户内的资产日均不低于人民币10万元（不包括该投资者通过融资融券融入的资金和证券）； 
（二）参与证券交易24个月以上。 
本所可以根据市场情况对前款所述条件作出调整。",否,ok,citation_exact,本条依据《深圳证券交易所创业板投资者适当性管理》第五条 原文直接给出，未经过相似度排序。,说明,《深圳证券交易所创业板投资者适当性管理》第五条,该条规定了个人投资者参与创业板交易的准入条件，包括申请权限开通前20个交易日证券账户及资金账户内资产日均不低于人民币10万元（不包括融资融券融入的资金和证券），以及参与证券交易满24个月；同时明确深交所可根据市场情况对上述条件作出调整。该文件效力为规范性文件，现行有效。,1,,深圳证券交易所创业板投资者适当性管理.docx,,√,
D1-11,条款精确定位,公开募集证券投资基金投资者适当性管理细则第十三条,命中,基金管理人、基金销售机构向六十五周岁以上普通投资者销售高风险基金的，应当履行特别的注意义务，包括制定更为审慎的销售流程，追加了解相关信息、强化风险提示、给予更多考虑时间或增加回访比例和频次等。,否,ok,citation_exact,本条依据《公开募集证券投资基金投资者适当性管理细则》第十三条 原文直接给出，未经过相似度排序。,说明,《公开募集证券投资基金投资者适当性管理细则》第十三条,该条规定了基金管理人、基金销售机构向六十五周岁以上普通投资者销售高风险基金时应履行的特别注意义务，属于部门规章层级的具体监管要求，包括制定更审慎的销售流程、追加了解信息、强化风险提示、给予更多考虑时间或增加回访比例和频次等。,1,,公开募集证券投资基金投资者适当性管理细则.pdf,,√,
D1-12,条款精确定位,证券期货投资者适当性管理办法第四十三条,命中,本办法自2017年7月1日起施行。,否,ok,citation_exact,本条依据《证券期货投资者适当性管理办法》第四十三条 原文直接给出，未经过相似度排序。,说明,《证券期货投资者适当性管理办法》第四十三条,《证券期货投资者适当性管理办法》第四十三条是该办法的施行日期条款，规定本办法自2017年7月1日起施行。该条属于程序性、生效性条款，不涉及实体权利义务或行为规范。,1,,证券期货投资者适当性管理办法.txt,,√,
D1-13,条款精确定位,《中华人民共和国证券法》第88条怎么规定的,命中,第八十八条 证券公司向投资者销售证券、提供服务时，应当按照规定充分了解投资者的基本情况、财产状况、金融资产状况、投资知识和经验、专业能力等相关信息；如实说明证券、服务的重要内容，充分揭示投资风险；销售、提供与投资者上述状况相匹配的证券、服务。投资者在购买证券或者接受服务时，应当按照证券公司明示的要求提供前款所列真实信息。拒绝提供或者未按照要求提供信息的，证券公司应当告知其后果，并按照规定拒绝向其销售证券、提供服务。证券公司违反第一款规定导致投资者损失的，应当承担相应的赔偿责任。,否,ok,citation_exact,本条依据《中华人民共和国证券法》第88条 原文直接给出，未经过相似度排序。,说明,《中华人民共和国证券法》第八十八条,该条是法律层面的法定义务，规定证券公司向投资者销售证券、提供服务时，须充分了解投资者基本情况、财产状况、金融资产状况、投资知识和经验、专业能力等信息；须如实说明证券或服务的重要内容，充分揭示投资风险；须销售、提供与投资者状况相匹配的证券、服务。同时明确投资者有配合提供真实信息的义务，拒绝或未按要求提供的，证券公司应告知后果并拒绝销售或服务；证券公司违反该条导致投资者损失的，应承担相应赔偿责任。,1,,中华人民共和国证券法_20191228.pdf,,√,
D1-14,条款精确定位,适当性管理办法第29条讲的是什么,命中,"经营机构应当制定适当性内部管理制度，明确投资者分类、产品或者服务分级、适当性匹配的具体依据、方法、流程等，严格按照内部管理制度进行分类、分级，定期汇总分类、分级结果，并对每名投资者提出匹配意见。
经营机构应当制定并严格落实与适当性内部管理有关的限制不匹配销售行为、客户回访检查、评估与销售隔离等风控制度，以及培训考核、执业规范、监督问责等制度机制，不得采取鼓励不适当销售的考核激励措施，确保从业人员切实履行适当性义务。",否,ok,citation_exact,本条依据《证券期货投资者适当性管理办法》第29条 原文直接给出，未经过相似度排序。,说明,《证券期货投资者适当性管理办法》第二十九条,该条款是部门规章中的具体规定，要求经营机构制定并严格落实适当性内部管理制度及配套风控制度，包括明确投资者分类、产品或服务分级、匹配依据与流程，以及禁止设置鼓励不适当销售的考核激励措施等，旨在确保从业人员切实履行适当性义务。,1,,证券期货投资者适当性管理办法.txt,,√,
D1-15,条款精确定位,基金募集机构投资者适当性管理实施指引里第二十六条是什么,命中,"专业投资者之外的，符合法律、法规要求，可以从事基金交易活动的投资者为普通投资者。
　　基金募集机构要按照风险承受能力，将普通投资者由低到高至少分为 C1（含风险承受能力最低类别）、C2、C3、C4、C5 五种类型。",否,ok,citation_exact,本条依据《基金募集机构投资者适当性管理实施指引（试行）》第二十六条 原文直接给出，未经过相似度排序。,说明,《基金募集机构投资者适当性管理实施指引（试行）》第二十六条,该条明确了普通投资者的定义及风险承受能力分类要求：专业投资者之外、符合法律、法规要求可从事基金交易活动的投资者为普通投资者；基金募集机构须按风险承受能力将普通投资者由低到高至少分为C1（含风险承受能力最低类别）、C2、C3、C4、C5五种类型。该规定出自中国证券投资基金业协会发布的自律规则，属于行业自律管理要求，非法律、行政法规或部门规章。,1,,基金募集机构投资者适当性管理实施指引（试行）.html,,√,
D2-01,跨层级综合,客户适当性管理这件事从法律到自律规则分别是怎么要求的,命中至少两个层级,第八十八条 证券公司向投资者销售证券、提供服务时，应当按照规定充分了解投资者的基本情况、财产状况、金融资产状况、投资知识和经验、专业能力等相关信息；如实说明证券、服务的重要内容，充分揭示投资风险；销售、提供与投资者上述状况相匹配的证券、服务。投资者在购买证券或者接受服务时，应当按照证券公司明示的要求提供前款所列真实信息。拒绝提供或者未按照要求提供信息的，证券公司应当告知其后果，并按照规定拒绝向其销售证券、提供服务。证券公司违反第一款规定导致投资者损失的，应当承担相应的赔偿责任。|第三条　向投资者销售证券期货产品或者提供证券期货服务的机构（以下简称经营机构）应当遵守法律、行政法规、本办法及其他有关规定，在销售产品或者提供服务的过程中，勤勉尽责，审慎履职，全面了解投资者情况，深入调查分析产品或者服务信息，科学有效评估，充分揭示风险，基于投资者的不同风险承受能力以及产品或者服务的不同风险等级等因素，提出明确的适当性匹配意见，将适当的产品或者服务销售或者提供给适合的投资者，并对违法违规行为承担法律责任。|第二条 基金募集机构向投资者公开或者非公开募集的证券投资基金和股权投资基金（包括创业投资基金）产品，或者为投资者提供相关业务服务的（以下统称基金产品或者服务），适用本办法。,否,ok,rerank,,说明,,客户适当性管理的制度体系呈现层级化结构：最高层级为部门规章《证券期货投资者适当性管理办法》（片段3），其第三十六条明确要求交易场所、行业协会制定自律规则，并赋予其督促会员履行适当性义务的职责，属于法定义务，违反将承担行政监管责任；中间层级为规范性文件《办法》问答（片段1、2），由中国证监会发布，进一步阐释监管与自律职责分工，明确证监会及其派出机构负有监督管理职责，自律组织负责自律管理，属于监管要求；最基础执行层为自律规则，包括基金业协会《基金募集机构投资者适当性管理实施指引（试行）》（片段4，第五条）和期货业协会《期货经营机构交易者适当性管理实施细则》（片段5，第四十四条），分别规定了行业自律管理和纠纷调解机制，违反仅触发自律处分，不构成行政处罚。因此，从法律效力看，部门规章设定义务底线，规范性文件细化监管逻辑，自律规则落实操作细则。,5,,《证券期货投资者适当性管理办法》问答.pdf｜《证券期货投资者适当性管理办法》问答.pdf｜证券期货投资者适当性管理办法.txt｜基金募集机构投资者适当性管理实施指引（试行）.html｜期货经营机构交易者适当性管理实施细则.html,,√,
D2-02,跨层级综合,违反投资者适当性义务会有什么后果,命中至少两个层级,"第一百九十八条 证券公司违反本法第八十八条的规定未履行或者未按照规定履行投资者适当性管理义务的，责令改正，给予警告，并处以十万元以上一百万元以下的罚款。对直接负责的主管人员和其他直接责任人员给予警告，并处以二十万元以下的罚款。|第四十一条　经营机构有下列情形之一的，给予警告，并处以3万元以下罚款；对直接负责的主管人员和其他直接责任人员，给予警告，并处以3万元以下罚款：
（一）违反本办法第十条，未按规定对普通投资者进行细化分类和管理的；
（二）违反本办法第十一条、第十二条，未按规定进行投资者类别转化的；
（三）违反本办法第十三条，未建立或者更新投资者评估数据库的；
（四）违反本办法第十五条，未按规定了解所销售产品或者所提供服务信息或者履行分级义务的；
（五）违反本办法第十六条、第十七条，未按规定划分产品或者服务风险等级的；
（六）违反本办法第二十五条，未按规定录音录像或者采取配套留痕安排的；
（七）违反本办法第二十九条，未按规定制定或者落实适当性内部管理制度和相关制度机制的；
（八）违反本办法第三十条，未按规定开展适当性自查的；
（九）违反本办法第三十二条，未按规定妥善保存相关信息资料的；
（十）违反本办法第六条、第十八条至第二十四条、第二十六条、第二十七条、第三十三条规定，未构成《证券法》第一百九十八条，《证券投资基金法》第一百三十五条、第一百三十七条，《期货和衍生品法》第一百三十五条，《证券公司监督管理条例》第八十三条、第八十四条，《期货交易管理条例》第六十六条、第六十七条规定情形的。|第四十一条　经营机构有下列情形之一的，给予警告，并处以3万元以下罚款；对直接负责的主管人员和其他直接责任人员，给予警告，并处以3万元以下罚款：
（一）违反本办法第十条，未按规定对普通投资者进行细化分类和管理的；
（二）违反本办法第十一条、第十二条，未按规定进行投资者类别转化的；
（三）违反本办法第十三条，未建立或者更新投资者评估数据库的；
（四）违反本办法第十五条，未按规定了解所销售产品或者所提供服务信息或者履行分级义务的；
（五）违反本办法第十六条、第十七条，未按规定划分产品或者服务风险等级的；
（六）违反本办法第二十五条，未按规定录音录像或者采取配套留痕安排的；
（七）违反本办法第二十九条，未按规定制定或者落实适当性内部管理制度和相关制度机制的；
（八）违反本办法第三十条，未按规定开展适当性自查的；
（九）违反本办法第三十二条，未按规定妥善保存相关信息资料的；
（十）违反本办法第六条、第十八条至第二十四条、第二十六条、第二十七条、第三十三条规定，未构成《证券法》第一百九十八条，《证券投资基金法》第一百三十五条、第一百三十七条，《期货和衍生品法》第一百三十五条，《证券公司监督管理条例》第八十三条、第八十四条，《期货交易管理条例》第六十六条、第六十七条规定情形的。",否,ok,rerank,,违反,《证券期货投资者适当性管理办法》第十六条、《中华人民共和国证券法》第一百九十八条,违反投资者适当性义务将面临监管措施、行政处罚及市场禁入等后果。其中，《证券期货投资者适当性管理办法》作为部门规章，规定了针对各类违规情形的‘负面清单’式监管措施和最高3万元罚款；而《中华人民共和国证券法》作为法律，设定了更严厉的法律责任——对证券公司未履行适当性管理义务的，处十万元以上一百万元以下罚款，对责任人员亦有警告及罚款处罚。法律效力高于部门规章，因此该行为构成法定违规，需承担相应法律责任。,2,,《证券期货投资者适当性管理办法》问答.pdf｜中华人民共和国证券法_20191228.pdf,,√,
D2-03,跨层级综合,普通投资者在适当性管理里受到哪些特别保护,命中至少两个层级,"第七条　投资者分为普通投资者与专业投资者。
普通投资者在信息告知、风险警示、适当性匹配等方面享有特别保护。|第二十三条　经营机构向普通投资者销售产品或者提供服务前，应当告知下列信息：
（一）可能直接导致本金亏损的事项；
（二）可能直接导致超过原始本金损失的事项；
（三）因经营机构的业务或者财产状况变化，可能导致本金或者原始本金亏损的事项；
（四）因经营机构的业务或者财产状况变化，影响客户判断的重要事由；
（五）限制销售对象权利行使期限或者可解除合同期限等全部限制内容；
（六）本办法第二十九条规定的适当性匹配意见。",否,ok,rerank,,说明,《证券期货投资者适当性管理办法》第七条,这是部门规章《证券期货投资者适当性管理办法》第七条及配套规范性文件明确规定的法定义务。具体特别保护包括：经营机构向普通投资者销售产品或提供服务前，应当告知可能导致其投资风险的信息及适当性匹配意见；向普通投资者销售高风险产品或提供相关服务，须履行特别注意义务；不得主动推介风险等级高于其风险承受能力或不符合其投资目标的产品或服务；现场告知、警示须全过程录音录像，非现场方式须完善留痕安排；与普通投资者发生纠纷时，经营机构须提供资料证明已履行相应义务。,3,,《证券期货投资者适当性管理办法》问答.pdf｜证券期货投资者适当性管理办法.txt｜《证券期货投资者适当性管理办法》问答.pdf,,√,
D2-04,跨层级综合,销售高风险产品在流程上有什么额外要求,命中至少两个层级,"第二十条　经营机构向普通投资者销售高风险产品或者提供相关服务，应当履行特别的注意义务，包括制定专门的工作程序，追加了解相关信息，告知特别的风险点，给予普通投资者更多的考虑时间，或者增加回访频次等。|第二十八条　经营机构向普通交易者销售或者提供高风险等级的产品或服务时，应当履行以下适当性义务：  

　　（一）追加了解交易者的相关信息；  

　　（二）向交易者提供特别风险警示书，揭示该产品或服务的高风险特征，由交易者签字确认；  

　　（三）给予交易者至少24小时的冷静期或至少增加一次回访告知特别风险。",否,ok,rerank,,说明,,销售高风险产品对普通投资者有额外流程要求，具体包括：一是追加了解交易者/投资者相关信息（《期货经营机构交易者适当性管理实施细则》第二十八条、《证券期货投资者适当性管理办法》第二十条、《公开募集证券投资基金投资者适当性管理细则》第十三条）；二是提供特别风险警示书并由投资者签字确认（自律规则，仅适用于期货场景）；三是给予至少24小时冷静期或增加一次回访告知特别风险（期货自律规则）；四是给予更多考虑时间或增加回访频次（部门规章层级的普遍要求）；五是现场销售须录音录像，非现场销售须通过信息管理平台留痕（基金自律规则）。上述要求中，部门规章（如《适当性管理办法》第二十条）设定的是法定义务，而期货、基金相关自律规则属于行业自律管理要求，效力层级低于部门规章。,4,,期货经营机构交易者适当性管理实施细则.html｜证券期货投资者适当性管理办法.txt｜公开募集证券投资基金投资者适当性管理细则.pdf｜基金募集机构投资者适当性管理实施指引（试行）.html,,√,
D2-05,跨层级综合,投资者分类的依据是什么,命中至少两个层级,"第七条　投资者分为普通投资者与专业投资者。
普通投资者在信息告知、风险警示、适当性匹配等方面享有特别保护。|第七条　经营机构应当按照《办法》要求，将交易者分为普通交易者和专业交易者，并实施差异化适当性管理。",否,ok,rerank,,说明,《证券期货投资者适当性管理办法》第七条,《证券期货投资者适当性管理办法》第七条明确投资者分类的依据是投资者的基本情况、财务状况、投资知识和经验、投资目标、风险偏好等因素，目的是实现差异化适当性义务。该规定出自规范性文件《证券期货投资者适当性管理办法》问答（第8页），是对部门规章《办法》相关要求的权威解读。,1,,《证券期货投资者适当性管理办法》问答.pdf,,√,
D2-06,跨层级综合,适当性内部管理制度应该包含哪些内容,命中至少两个层级,"第二十九条　经营机构应当制定适当性内部管理制度，明确投资者分类、产品或者服务分级、适当性匹配的具体依据、方法、流程等，严格按照内部管理制度进行分类、分级，定期汇总分类、分级结果，并对每名投资者提出匹配意见。
经营机构应当制定并严格落实与适当性内部管理有关的限制不匹配销售行为、客户回访检查、评估与销售隔离等风控制度，以及培训考核、执业规范、监督问责等制度机制，不得采取鼓励不适当销售的考核激励措施，确保从业人员切实履行适当性义务。|第三十条　经营机构应当制定交易者适当性管理的内部制度，包括但不限于以下内容：  

　　（一）了解交易者的标准、方法和流程；  

　　（二）交易者分类的依据、方法和流程；  

　　（三）了解产品或服务的标准、方法和流程；  

　　（四）产品或服务分级的依据、方法和流程；  

　　（五）适当性匹配的标准、方法和流程；  

　　（六）执行交易者适当性管理内部制度的保障措施。",否,ok,rerank,,说明,《证券期货投资者适当性管理办法》第二十九条,《证券期货投资者适当性管理办法》第二十九条作为部门规章，明确要求经营机构制定适当性内部管理制度，内容须包括投资者分类、产品或服务分级、适当性匹配的具体依据、方法、流程等，并须涵盖限制不匹配销售、客户回访检查、评估与销售隔离等风控制度，以及培训考核、执业规范、监督问责等机制。该条款是法定义务的直接依据。此外，《办法》问答（规范性文件）第四条进一步阐释，内部制度还应明确相关依据、方法、流程并落实监督问责，确保从业人员切实履行适当性义务。,2,,证券期货投资者适当性管理办法.txt｜《证券期货投资者适当性管理办法》问答.pdf,,√,
D2-07,跨层级综合,适当性相关资料要保存多久,命中至少两个层级,第三十二条　经营机构应当按照相关规定妥善保存其履行适当性义务的相关信息资料，防止泄露或者被不当利用，接受中国证监会及其派出机构和自律组织的检查。对匹配方案、告知警示资料、录音录像资料、自查报告等的保存期限不得少于20年。|第十七条 基金募集机构要建立完善的档案管理制度，妥善保存投资者适当性管理业务资料。投资者适当性管理制度、投资者信息资料、告知警示投资者资料、录音录像资料、自查报告等至少保存 20 年。,否,ok,rerank,,说明,,《证券期货投资者适当性管理办法》第三十二条（部门规章）明确要求匹配方案、告知警示资料、录音录像资料、自查报告等保存期限不得少于20年；《期货和衍生品法》第一百一十七条（法律）规定期货经营机构等保存相关资料期限不得少于二十年，效力层级更高；《期货经营机构交易者适当性管理实施细则》第三十九条（自律规则）和《基金募集机构投资者适当性管理实施指引（试行）》第十七条（自律规则）均重申不少于20年要求。上述规定共同构成对适当性相关资料保存期限的统一监管要求。,4,,证券期货投资者适当性管理办法.txt｜期货经营机构交易者适当性管理实施细则.html｜基金募集机构投资者适当性管理实施指引（试行）.html｜中华人民共和国期货和衍生品法_20220420.pdf,,√,
D2-08,跨层级综合,适当性自查有什么要求,命中至少两个层级,"第三十条　经营机构应当每半年开展一次适当性自查，形成自查报告。发现违反本办法规定的问题，应当及时处理并主动报告住所地中国证监会派出机构。|第十五条 基金募集机构每半年开展一次投资者适当性管理自查。自查可以采取现场、非现场及暗访相结合的方式进行，并形成自查报告留存备查。
　　自查内容包括但不限于投资者适当性管理制度建设及落实情况，人员考核及培训情况，投资者投诉处理情况，发现业务风险及时整改情况，以及其他需要报告的事项。",否,ok,rerank,,说明,,适当性自查要求主要来自部门规章和自律规则：《证券期货投资者适当性管理办法》第三十条（部门规章）明确要求经营机构每半年开展一次自查并形成报告，发现违规须及时处理并主动报告住所地证监会派出机构；《期货经营机构交易者适当性管理实施细则》第三十六条（自律规则）进一步细化要求，包括至少每半年自查、每年三月底及九月底前提交半年度自查报告，报告内容需涵盖制度建设、评估匹配、数据库管理、培训记录、资料保管、投诉处理及整改措施等；《基金募集机构投资者适当性管理实施指引（试行）》第十五条（自律规则）亦规定每半年自查，可采用现场、非现场及暗访相结合方式，并留存自查报告备查，内容包括制度落实、人员考核培训、投诉处理、风险整改等。三者共同构成自查的频率、形式、报告时限与核心内容要求。,3,,期货经营机构交易者适当性管理实施细则.html｜基金募集机构投资者适当性管理实施指引（试行）.html｜证券期货投资者适当性管理办法.txt,,√,
D2-09,跨层级综合,客户回访制度是怎么要求的,命中至少两个层级,"第十二条 基金募集机构要建立健全普通投资者回访制度，对购买基金产品或者服务的普通投资者定期抽取一定比例进行回访，对持有 R5 等级基金产品或者服务的普通投资者增加回访比例和频次。
　　基金募集机构对回访时发现的异常情况进行持续跟踪，对异常情况进行核查，存在风险隐患的及时排查，并定期整理总结，以完善投资者适当性制度。|第三十三条　经营机构应当建立健全回访制度，由从事销售推介业务以外的人员，以电话、电邮、信函、短信等适当方式，每年抽取不低于上一年度末购买产品或接受服务的交易者总数（不含休眠账户及中止交易账户交易者）的10%进行适当性回访。对于下列普通交易者，经营机构应当进行回访：  

　　（一）生活来源主要依靠积蓄或社会保障的；  

　　（二）购买或接受高风险产品或服务的；   

　　（三）中国证监会、协会和经营机构认为必要的其他交易者。",否,ok,rerank,,说明,,客户回访制度的要求分散在多个效力层级的文件中：一是部门规章《证券期货投资者适当性管理办法》第二十九条（片段3）和《期货公司期货交易咨询业务办法》第二十二条（片段2），明确经营机构须制定并严格落实客户回访检查、客户回访与投诉规定等风控制度，属于法定义务；二是自律规则《期货经营机构交易者适当性管理实施细则》第三十三条（片段1）和《基金募集机构投资者适当性管理实施指引（试行）》第十二条（片段4），分别对期货经营机构和基金募集机构提出具体回访比例（如不低于10%）、回访对象（如高风险产品购买者、R5等级持有者）及异常处理要求，属于行业自律管理要求；三是规范性文件《〈办法〉问答》（片段5）将客户回访列为强化适当性内部管理的关键环节之一，重申其作为适当性义务组成部分的地位。,5,,期货经营机构交易者适当性管理实施细则.html｜期货公司期货交易咨询业务办法.txt｜证券期货投资者适当性管理办法.txt｜基金募集机构投资者适当性管理实施指引（试行）.html｜《证券期货投资者适当性管理办法》问答.pdf,,√,
D2-10,跨层级综合,产品或者服务的风险等级由谁负责划分,命中至少两个层级,"第十五条　经营机构应当了解所销售产品或者所提供服务的信息，根据风险特征和程度，对销售的产品或者提供的服务划分风险等级。|第三十六条 基金募集机构对基金产品或者服务的风险等级划分，可以由基金募集机构完成，也可以委托第三方机构提供。
　　委托第三方机构提供基金产品或者服务风险等级划分的，基金募集机构应当要求其提供基金产品或者服务风险等级划分方法及其说明。
　　基金募集机构落实适当性义务不因委托第三方而免除。",否,ok,wiki,本条依据知识库词条「产品风险等级划分要求对照」，它是对多条法规的预先编译，未经过单片段相似度排序。,说明,《证券期货投资者适当性管理办法》第十六条,根据《证券期货投资者适当性管理办法》第十六条（部门规章），经营机构作为履行适当性义务的主体，具体负责对销售的产品或者提供的服务划分风险等级；该规定属于法定义务层级。规范性文件《办法》问答进一步明确：‘经营机构作为履行适当性义务的主体，具体负责对销售的产品或者提供的服务划分风险等级’。自律规则如《基金募集机构投资者适当性管理实施指引（试行）》第三十六条和《期货经营机构交易者适当性管理实施细则》第十九条均与之衔接，但其效力层级为自律管理要求，不改变经营机构作为法定责任主体的地位。,1,,《证券期货投资者适当性管理办法》问答.pdf,,√,
D2-11,跨层级综合,普通投资者和经营机构发生纠纷时谁来举证,命中至少两个层级,第八十九条 根据财产状况、金融资产状况、投资知识和经验、专业能力等因素，投资者可以分为普通投资者和专业投资者。专业投资者的标准由国务院证券监督管理机构规定。普通投资者与证券公司发生纠纷的，证券公司应当证明其行为符合法律、行政法规以及国务院证券监督管理机构的规定，不存在误导、欺诈等情形。证券公司不能证明的，应当承担相应的赔偿责任。|第五十一条 根据财产状况、金融资产状况、交易知识和经验、专业能力等因素，交易者可以分为普通交易者和专业交易者。专业交易者的标准由国务院期货监督管理机构规定。普通交易者与期货经营机构发生纠纷的，期货经营机构应当证明其行为符合法律、行政法规以及国务院期货监督管理机构的规定，不存在误导、欺诈等情形。期货经营机构不能证明的，应当承担相应的赔偿责任。,否,ok,rerank,,经营机构,《证券期货投资者适当性管理办法》第三十四条,这是部门规章的要求。《证券期货投资者适当性管理办法》第三十四条规定：'经营机构与普通投资者发生纠纷的，经营机构应当提供相关资料，证明其已向投资者履行相应义务。',1,,证券期货投资者适当性管理办法.txt,,√,
D2-12,跨层级综合,代销场景下适当性责任怎么划分,命中至少两个层级,第二十六条　经营机构委托其他机构销售本机构发行的产品或者提供服务，应当审慎选择受托方，确认受托方具备代销相关产品或者提供服务的资格和落实相应适当性义务要求的能力，应当制定并告知代销方所委托产品或者提供服务的适当性管理标准和要求，代销方应当严格执行，但法律、行政法规、中国证监会其他规章另有规定的除外。|第二十七条　经营机构代销其他机构发行的产品或者提供相关服务，应当在合同中约定要求委托方提供的信息，包括本办法第十六条、第十七条规定的产品或者服务分级考虑因素等，自行对该信息进行调查核实，并履行投资者评估、适当性匹配等适当性义务。委托方不提供规定的信息、提供信息不完整的，经营机构应当拒绝代销产品或者提供服务。|第二十八条　对在委托销售中违反适当性义务的行为，委托销售机构和受托销售机构应当依法承担相应法律责任，并在委托销售合同中予以明确。,否,ok,rerank,,说明,,《证券期货投资者适当性管理办法》作为部门规章，明确委托销售中双方均负有适当性义务：委托方须审慎选择受托方、确认其资格与能力，并制定及告知适当性管理标准和要求（第二十六条）；受托方（代销机构）须自行调查核实委托方提供信息、履行投资者评估与匹配义务，且委托方信息不全时应拒绝代销（片段1）。责任划分上，《办法》第二十八条及片段1均强调，双方应依法承担相应法律责任，并在委托销售合同中明确约定——但该办法作为规章无权设定民事法律责任分配规则，仅作原则性指引；具体责任需依《民法典》等法律及合同约定确定。此外，自律规则（如期货业协会细则第二十二条）进一步细化受托方能力审查要求，但效力层级低于部门规章，属自律管理范畴。,5,,《证券期货投资者适当性管理办法》问答.pdf｜《证券期货投资者适当性管理办法》问答.pdf｜证券期货投资者适当性管理办法.txt｜期货经营机构交易者适当性管理实施细则.html｜证券期货投资者适当性管理办法.txt,,√,
D2-13,跨层级综合,告知和警示在形式上有什么要求,命中至少两个层级,第二十四条　经营机构对投资者进行告知、警示，内容应当真实、准确、完整，不存在虚假记载、误导性陈述或者重大遗漏，语言应当通俗易懂；告知、警示应当采用书面形式送达投资者，并由其确认已充分理解和接受。|第二十五条　经营机构通过营业网点向普通投资者进行本办法第十二条、第二十条、第二十一条和第二十三条规定的告知、警示，应当全过程录音或者录像；通过互联网等非现场方式进行的，经营机构应当完善配套留痕安排，由普通投资者通过符合法律、行政法规要求的电子方式进行确认。,否,ok,rerank,,说明,《证券期货投资者适当性管理办法》第二十四条、第二十五条,根据部门规章《证券期货投资者适当性管理办法》第二十四条规定，告知、警示内容须真实、准确、完整，语言通俗易懂，且必须采用书面形式送达投资者，并由其确认已充分理解和接受；第二十五条规定，通过营业网点向普通投资者进行法定告知、警示的，应当全过程录音或者录像；通过互联网等非现场方式的，应完善配套留痕安排，并由普通投资者通过符合法律、行政法规要求的电子方式进行确认。上述要求属于部门规章设定的法定义务。,2,,证券期货投资者适当性管理办法.txt｜证券期货投资者适当性管理办法.txt,,√,
D2-14,跨层级综合,销售人员在适当性管理上有哪些限制,命中至少两个层级,"第九条 基金募集机构要建立对销售人员的考核、监督问责、培训等机制规范销售人员履行投资者适当性工作职责的情况。
　　基金募集机构不得采取鼓励其向投资者销售不适当基金产品或者服务的考核、激励机制或措施。|第三十三条　经营机构应当建立健全回访制度，由从事销售推介业务以外的人员，以电话、电邮、信函、短信等适当方式，每年抽取不低于上一年度末购买产品或接受服务的交易者总数（不含休眠账户及中止交易账户交易者）的10%进行适当性回访。对于下列普通交易者，经营机构应当进行回访：  

　　（一）生活来源主要依靠积蓄或社会保障的；  

　　（二）购买或接受高风险产品或服务的；   

　　（三）中国证监会、协会和经营机构认为必要的其他交易者。",否,ok,rerank,,说明,《证券期货投资者适当性管理办法》第二十九条、《期货经营机构交易者适当性管理实施细则》第三十二条,销售人员不得参与投资者分类评估、产品或服务分级评估及匹配工作，这是自律规则明确要求的隔离机制（《期货经营机构交易者适当性管理实施细则》第三十二条）；同时，部门规章《证券期货投资者适当性管理办法》第二十九条要求经营机构建立并严格落实评估与销售隔离等风控制度，禁止采取鼓励不适当销售的考核激励措施，确保从业人员切实履行适当性义务。上述规定共同构成对销售人员在适当性管理中的核心限制。,2,,证券期货投资者适当性管理办法.txt｜期货经营机构交易者适当性管理实施细则.html,,√,
D2-15,跨层级综合,投资者不配合提供适当性信息会有什么后果,命中至少两个层级,"第三十三条　投资者购买产品或者接受服务，按规定需要提供信息的，所提供的信息应当真实、准确、完整。投资者根据本办法第六条规定所提供的信息发生重要变化、可能影响其分类的，应当及时告知经营机构。
投资者不按照规定提供相关信息，提供信息不真实、不准确、不完整的，应当依法承担相应法律责任，经营机构应当告知其后果，并拒绝向其销售产品或者提供服务。|第九条  投资者不配合适当性管理提供相关信息，提供信息不真实、不准确、不完整的，会员应当告知其后果，并拒绝为其开通创业板交易权限。",否,ok,rerank,,说明,,根据《证券期货投资者适当性管理办法》第三十三条（部门规章）、《证券法》第八十八条（法律）以及深交所创业板适当性管理规定第九条（规范性文件），投资者不配合提供适当性信息，或提供信息不真实、不准确、不完整的，经营机构应当告知其后果，并拒绝为其开通相关交易权限、销售产品或提供服务；投资者依法承担相应法律责任。该义务源于法律和部门规章的强制性要求，具有法定约束力。,4,,深圳证券交易所创业板投资者适当性管理.docx｜证券期货投资者适当性管理办法.txt｜中华人民共和国证券法_20191228.pdf｜《证券期货投资者适当性管理办法》问答.pdf,,√,
D3-01,概念与定义,什么算是专业投资者,命中,"第八条　符合下列条件之一的是专业投资者：
（一）经有关金融监管部门批准设立的金融机构，包括证券公司、期货公司、基金管理公司及其子公司、商业银行、保险公司、信托公司、财务公司等；经行业协会备案或者登记的证券公司子公司、期货公司子公司、私募基金管理人。
（二）上述机构面向投资者发行的理财产品，包括但不限于证券公司资产管理产品、基金管理公司及其子公司产品、期货公司资产管理产品、银行理财产品、保险产品、信托产品、经行业协会备案的私募基金。
（三）社会保障基金、企业年金等养老基金，慈善基金等社会公益基金，合格境外机构投资者（QFII）、人民币合格境外机构投资者（RQFII）。
（四）同时符合下列条件的法人或者其他组织：
1.最近1年末净资产不低于2000万元；
2.最近1年末金融资产不低于1000万元；
3.具有2年以上证券、基金、期货、黄金、外汇等投资经历。
（五）同时符合下列条件的自然人：
1.金融资产不低于500万元，或者最近3年个人年均收入不低于50万元；
2.具有2年以上证券、基金、期货、黄金、外汇等投资经历，或者具有2年以上金融产品设计、投资、风险管理及相关工作经历，或者属于本条第（一）项规定的专业投资者的高级管理人员、获得职业资格认证的从事金融相关业务的注册会计师和律师。
前款所称金融资产，是指银行存款、股票、债券、基金份额、资产管理计划、银行理财产品、信托计划、保险产品、期货及其他衍生产品等。",否,ok,rerank,,说明,《证券期货投资者适当性管理办法》第八条,根据中国证监会发布的部门规章《证券期货投资者适当性管理办法》第八条，专业投资者包括五类主体：（一）经金融监管部门批准设立或行业协会备案登记的金融机构及私募基金管理人；（二）前述机构发行的理财产品；（三）社保基金、企业年金、慈善基金、QFII/RQFII等特定基金和境外机构投资者；（四）同时满足净资产≥2000万元、金融资产≥1000万元、2年以上相关投资经历的法人或其他组织；（五）同时满足金融资产≥500万元（或近3年年均收入≥50万元）且具有2年以上投资经历（或相关从业经历/职业资格）的自然人。该条款对‘金融资产’范围亦有明确定义。,1,,证券期货投资者适当性管理办法.txt,,√,
D3-02,概念与定义,普通投资者是怎么界定的,命中,"第十条　专业投资者之外的投资者为普通投资者。
经营机构应当按照有效维护投资者合法权益的要求，综合考虑收入来源、资产状况、债务、投资知识和经验、风险偏好、诚信状况等因素，确定普通投资者的风险承受能力，对其进行细化分类和管理。",否,ok,rerank,,说明,《证券期货投资者适当性管理办法》第十条,《证券期货投资者适当性管理办法》第十条规定：‘专业投资者之外的投资者为普通投资者。’该办法第七条进一步明确普通投资者在信息告知、风险警示、适当性匹配等方面享有特别保护。这是部门规章对普通投资者的法定界定，即采用‘排除法’——凡不符合专业投资者标准的，即为普通投资者。,1,,证券期货投资者适当性管理办法.txt,,√,
D3-03,概念与定义,C1到C5是什么意思,命中,"第二十六条 专业投资者之外的，符合法律、法规要求，可以从事基金交易活动的投资者为普通投资者。
　　基金募集机构要按照风险承受能力，将普通投资者由低到高至少分为 C1（含风险承受能力最低类别）、C2、C3、C4、C5 五种类型。",否,ok,rerank,,说明,,C1至C5是基金及期货经营机构对普通投资者按风险承受能力由低到高划分的五类等级，其中C1含风险承受能力最低类别。该分类系自律规则要求：《基金募集机构投资者适当性管理实施指引（试行）》第二十六条规定基金募集机构须将普通投资者至少分为C1–C5五类；《期货经营机构交易者适当性管理实施细则》第十条作出相同要求；《基金募集机构投资者适当性管理实施指引（试行）》第四十四条进一步明确了各类型投资者可购买的产品风险等级范围。上述规定均属中国证券投资基金业协会、中国期货业协会发布的自律规则，非法律或行政法规强制要求，但构成行业合规管理基本标准。,3,,基金募集机构投资者适当性管理实施指引（试行）.html｜期货经营机构交易者适当性管理实施细则.html｜基金募集机构投资者适当性管理实施指引（试行）.html,,√,
D3-04,概念与定义,R1到R5是什么,命中,"第三十八条 基金产品或者服务的风险等级要按照风险由低到高顺序，至少划分为：R1、R2、R3、R4、R5 五个等级。
　　基金募集机构可以根据实际情况在前款所列等级的基础上进一步进行风险细分。",否,ok,rerank,,说明,,R1至R5是基金和期货行业中对产品或服务风险等级的统一五级划分，由低到高依次为R1、R2、R3、R4、R5。该划分属于行业协会发布的自律规则要求：《基金募集机构投资者适当性管理实施指引（试行）》第三十八条和《期货经营机构交易者适当性管理实施细则》第十九条均明确规定，风险等级至少划分为R1–R5五个等级，且允许机构在该基础上进一步细分；其中R1为最低风险等级，R5为最高风险等级。,2,,基金募集机构投资者适当性管理实施指引（试行）.html｜期货经营机构交易者适当性管理实施细则.html,,√,
D3-05,概念与定义,什么是风险承受能力最低类别投资者,命中,"第二十九条 基金募集机构可以将 C1 中符合下列情形之一的自然人，作为风险承受能力最低类别投资者：
　　（一）不具有完全民事行为能力；
　　（二）没有风险容忍度或者不愿承受任何投资损失；
　　（三）法律、行政法规规定的其他情形。",否,ok,rerank,,说明,《证券期货投资者适当性管理办法》问答（第11页）及《基金募集机构投资者适当性管理实施指引（试行）》第二十九条,风险承受能力最低类别投资者，是指经评估被认定为风险承受能力最弱的投资者群体。根据自律规则《基金募集机构投资者适当性管理实施指引（试行）》第二十九条，C1类自然人中符合以下情形之一的，可作为该类别：（一）不具有完全民事行为能力；（二）没有风险容忍度或者不愿承受任何投资损失；（三）法律、行政法规规定的其他情形。同时，《证券期货投资者适当性管理办法》问答明确，该类别系监管设定的‘底线保护’对象，经营机构被禁止向其销售或提供风险等级高于其承受能力的产品或服务，体现部门规章层级的强制性保护要求。,2,,基金募集机构投资者适当性管理实施指引（试行）.html｜《证券期货投资者适当性管理办法》问答.pdf,,√,
D3-06,概念与定义,适当性匹配意见能不能代替投资者自己判断,命中,"第四条　投资者应当在了解产品或者服务情况，听取经营机构适当性意见的基础上，根据自身能力审慎决策，独立承担投资风险。
经营机构的适当性匹配意见不表明其对产品或者服务的风险和收益做出实质性判断或者保证。",否,ok,rerank,,不能,《证券期货投资者适当性管理办法》第四条,这是部门规章的要求。《证券期货投资者适当性管理办法》第四条规定，经营机构的适当性匹配意见不表明其对产品或者服务的风险和收益做出实质性判断或者保证；投资者应当在了解产品或者服务情况、听取经营机构适当性意见的基础上，根据自身能力审慎决策，独立承担投资风险。该规定明确排除了匹配意见替代投资者自主判断的效力。自律规则（如期货经营机构实施细则第二十七条）进一步强调，经营机构履行适当性职责不能取代交易者的交易判断，也不会降低产品固有风险。,3,,《证券期货投资者适当性管理办法》问答.pdf｜期货经营机构交易者适当性管理实施细则.html｜证券期货投资者适当性管理办法.txt,,√,
D3-07,概念与定义,什么是投资者准入要求,命中,"第十四条　中国证监会、自律组织在针对特定市场、产品或者服务制定规则时，可以考虑风险性、复杂性以及投资者的认知难度等因素，从资产规模、收入水平、风险识别能力和风险承担能力、投资认购最低金额等方面，规定投资者准入要求。投资者准入要求包含资产指标的，应当规定投资者在购买产品或者接受服务前一定时期内符合该指标。
现有市场、产品或者服务规定投资者准入要求的，应当符合前款规定。",否,ok,rerank,,说明,《证券期货投资者适当性管理办法》第十四条,投资者准入要求是指中国证监会、自律组织针对特定市场、产品或者服务，基于风险性、复杂性及投资者认知难度等因素，从资产规模、收入水平、风险识别与承担能力、投资认购最低金额等方面设定的参与门槛。该要求属于监管层面的‘门槛’规则，重在限定哪些投资者可以投资特定产品或接受特定服务，不同于《办法》中的投资者分类（专业/普通），也不等同于‘专业投资者’认定。其法律依据为部门规章《证券期货投资者适当性管理办法》第十四条，效力层级为法定义务基础；相关自律规则（如期货细则第二十一条）进一步要求经营机构加强要件审核，但属执行性细化，不改变准入要求的本质属性。,3,,证券期货投资者适当性管理办法.txt｜《证券期货投资者适当性管理办法》问答.pdf｜《证券期货投资者适当性管理办法》问答.pdf,,√,
D3-08,概念与定义,普通投资者和专业投资者能不能互相转化,命中,"第十一条　普通投资者和专业投资者在一定条件下可以互相转化。
符合本办法第八条第（四）、（五）项规定的专业投资者，可以书面告知经营机构选择成为普通投资者，经营机构应当对其履行相应的适当性义务。
符合下列条件之一的普通投资者可以申请转化成为专业投资者，但经营机构有权自主决定是否同意其转化：
（一）最近1年末净资产不低于1000万元，最近1年末金融资产不低于500万元，且具有1年以上证券、基金、期货、黄金、外汇等投资经历的除专业投资者外的法人或其他组织；
（二）金融资产不低于300万元或者最近3年个人年均收入不低于30万元，且具有1年以上证券、基金、期货、黄金、外汇等投资经历或者1年以上金融产品设计、投资、风险管理及相关工作经历的自然人投资者。",否,ok,rerank,,说明,《证券期货投资者适当性管理办法》第十一条,《证券期货投资者适当性管理办法》第十一条明确规定普通投资者和专业投资者在一定条件下可以互相转化，属于部门规章的正式规定；规范性文件《问答》进一步说明该安排是基于个体风险识别能力与统一分类标准可能存在差异而设置的调整空间，允许符合条件的专业投资者书面申请转为普通投资者，也允许符合条件的普通投资者申请转为专业投资者（但经营机构有权自主决定是否同意）。该转化具有主体限定性和程序约束性，并非自动生效。,3,,证券期货投资者适当性管理办法.txt｜《证券期货投资者适当性管理办法》问答.pdf｜《证券期货投资者适当性管理办法》问答.pdf,,√,
D3-09,概念与定义,什么是存量投资者也就是新老划断,命中,本所适当性管理相关规定中，有新老划断安排的，“存量投资者”是指在该规定实施前已开通相关产品或业务的权限且相关账户未销户的投资者。,否,ok,rerank,,说明,,根据上海证券交易所自律规则，《证券期货投资者适当性管理办法》相关指南明确：'存量投资者'是指在适当性管理相关规定实施前已开通相关产品或业务权限、且相关账户未销户的投资者。该定义适用于科创板、创业板等有新老划断安排的业务场景，属于交易所自律规则对监管要求的具体执行口径。,2,,上海证券交易所会员管理业务指南第1号.docx｜证券交易业务指南第1号——投资者适当性管理.pdf,,√,
D3-10,概念与定义,回访制度是怎么规定的,命中,"第十二条 基金募集机构要建立健全普通投资者回访制度，对购买基金产品或者服务的普通投资者定期抽取一定比例进行回访，对持有 R5 等级基金产品或者服务的普通投资者增加回访比例和频次。
　　基金募集机构对回访时发现的异常情况进行持续跟踪，对异常情况进行核查，存在风险隐患的及时排查，并定期整理总结，以完善投资者适当性制度。",否,ok,rerank,,说明,,回访制度的规定分层体现：一是部门规章层面，《期货公司期货交易咨询业务办法》第二十二条要求期货公司有效执行客户回访规定，明确内容、要求和程序，及时妥善处理投诉，但未细化回访比例、对象或内容；二是自律规则层面，更具操作性：《期货经营机构交易者适当性管理实施细则》第三十三条明确经营机构须由非销售推介人员每年回访不低于上一年度末活跃交易者总数10%，并对三类普通交易者（如依赖社保生活、购买高风险产品等）强制回访；第三十四条列举了八项必含回访内容，包括身份确认、风险揭示知晓、适当性匹配认知、费用损失告知及禁止行为核查等。《基金募集机构投资者适当性管理实施指引（试行）》第十二条、第十三条则要求基金募集机构对普通投资者定期回访，对R5级产品投资者提高频次与比例，并规定五项核心回访内容，与期货规则逻辑一致。上述自律规则虽非法律、行政法规或部门规章，但属于现行有效的行业自律要求，经营机构需遵照执行。,5,,期货经营机构交易者适当性管理实施细则.html｜基金募集机构投资者适当性管理实施指引（试行）.html｜期货经营机构交易者适当性管理实施细则.html｜期货公司期货交易咨询业务办法.txt｜基金募集机构投资者适当性管理实施指引（试行）.html,,√,
D3-11,概念与定义,什么情况下要对投资者进行录音录像,命中,第二十五条　经营机构通过营业网点向普通投资者进行本办法第十二条、第二十条、第二十一条和第二十三条规定的告知、警示，应当全过程录音或者录像；通过互联网等非现场方式进行的，经营机构应当完善配套留痕安排，由普通投资者通过符合法律、行政法规要求的电子方式进行确认。,否,ok,rerank,,说明,,根据部门规章《证券期货投资者适当性管理办法》第二十五条，经营机构通过营业网点等现场方式向普通投资者进行告知、警示（包括第十二条、第二十条、第二十一条和第二十三条规定的事项）时，应当全过程录音或者录像；自律规则《基金募集机构投资者适当性管理实施指引（试行）》第十六条和《期货经营机构交易者适当性管理实施细则》第三十一条进一步明确，现场执行普通投资者申请转为专业投资者、销售高风险产品、调整分类或匹配意见、风险提示等环节，均须录音录像。规范性文件《〈证券期货投资者适当性管理办法〉问答》也指出，对普通投资者的现场告知、警示须全过程录音录像。上述要求均针对‘现场方式’且面向‘普通投资者’，非现场方式则需完善留痕并由投资者电子确认。,4,,基金募集机构投资者适当性管理实施指引（试行）.html｜证券期货投资者适当性管理办法.txt｜《证券期货投资者适当性管理办法》问答.pdf｜期货经营机构交易者适当性管理实施细则.html,,√,
D3-12,概念与定义,适当性内部管理制度是什么,命中,"第二十九条　经营机构应当制定适当性内部管理制度，明确投资者分类、产品或者服务分级、适当性匹配的具体依据、方法、流程等，严格按照内部管理制度进行分类、分级，定期汇总分类、分级结果，并对每名投资者提出匹配意见。
经营机构应当制定并严格落实与适当性内部管理有关的限制不匹配销售行为、客户回访检查、评估与销售隔离等风控制度，以及培训考核、执业规范、监督问责等制度机制，不得采取鼓励不适当销售的考核激励措施，确保从业人员切实履行适当性义务。",否,ok,rerank,,说明,,适当性内部管理制度是经营机构为履行投资者适当性义务而制定的系统性制度安排，属于部门规章《证券期货投资者适当性管理办法》第二十九条明确要求的法定义务。该制度须涵盖投资者分类、产品或服务分级、适当性匹配的具体依据、方法和流程，并配套建立限制不匹配销售、客户回访检查、评估与销售隔离等风控制度，以及培训考核、执业规范、监督问责等机制。自律规则如《期货经营机构交易者适当性管理实施细则》第三十条、《基金募集机构投资者适当性管理实施指引（试行）》第七条进一步细化了制度应包含的具体内容，但其效力层级低于部门规章，属于对上位法要求的落实与补充。,3,,证券期货投资者适当性管理办法.txt｜期货经营机构交易者适当性管理实施细则.html｜基金募集机构投资者适当性管理实施指引（试行）.html,,√,
D3-13,概念与定义,投资者评估数据库应该包含什么,命中,"第三十四条 投资者评估数据库要包含但不限于以下内容：
　　（一） 投资者填写信息表及历次变动的内容；
　　（二） 普通投资者过往风险测评结果；
　　（三） 投资者风险承受能力及对应风险等级变动情况；
　　（四）投资者历次申请转化为专业投资者或普通投资者情况及审核结果；
　　（五）基金募集机构风险评估标准、程序等内容信息及调整、修改情况；
　　（六）协会及基金募集机构认为必要的其它信息。",否,ok,rerank,,说明,,《证券期货投资者适当性管理办法》第十三条（部门规章）要求经营机构建立投资者评估数据库并及时更新，但未列明具体字段；具体信息范围由自律规则细化：《基金募集机构投资者适当性管理实施指引（试行）》第三十四条（自律规则）明确数据库应包含投资者信息表及变动、风险测评结果、风险等级变动、专业/普通投资者转化记录、风险评估标准及调整情况等；《期货经营机构交易者适当性管理实施细则》第十五条（自律规则）亦规定数据库至少应含《办法》第六条所列交易者信息、失信行为记录、历次风险问卷及评级结果、专业交易者转化申请及审核记录等。上述自律规则均现行有效，构成对部门规章的配套执行要求。,4,,基金募集机构投资者适当性管理实施指引（试行）.html｜基金募集机构投资者适当性管理实施指引（试行）.html｜期货经营机构交易者适当性管理实施细则.html｜证券期货投资者适当性管理办法.txt,,√,
D3-14,概念与定义,什么情况下要审慎评估产品或者服务的风险等级,命中,"第十七条　产品或者服务存在下列因素的，应当审慎评估其风险等级：
（一）存在本金损失的可能性，因杠杆交易等因素容易导致本金大部分或者全部损失的产品或者服务；
（二）产品或者服务的流动变现能力，因无公开交易市场、参与投资者少等因素导致难以在短期内以合理价格顺利变现的产品或者服务；
（三）产品或者服务的可理解性，因结构复杂、不易估值等因素导致普通人难以理解其条款和特征的产品或者服务；
（四）产品或者服务的募集方式，涉及面广、影响力大的公募产品或者相关服务；
（五）产品或者服务的跨境因素，存在市场差异、适用境外法律等情形的跨境发行或者交易的产品或者服务；
（六）自律组织认定的高风险产品或者服务；
（七）其他有可能构成投资风险的因素。",否,ok,rerank,,说明,《证券期货投资者适当性管理办法》第十七条,根据部门规章《证券期货投资者适当性管理办法》第十七条，产品或者服务存在以下情形之一的，应当审慎评估其风险等级：（一）存在本金损失可能性，因杠杆等因素易致大部分或全部损失；（二）流动变现能力差，如无公开交易市场、参与投资者少等导致难以短期合理变现；（三）可理解性低，因结构复杂、不易估值等致普通人难以理解条款和特征；（四）募集方式涉及面广、影响力大的公募产品或服务；（五）存在跨境因素，如适用境外法律、市场差异等；（六）自律组织认定的高风险产品或服务；（七）其他可能构成投资风险的因素。该条款是经营机构划分风险等级时的法定审慎义务依据。,2,,证券期货投资者适当性管理办法.txt｜《证券期货投资者适当性管理办法》问答.pdf,,√,
D3-15,概念与定义,冷静期是什么意思,命中,"第二十八条　经营机构向普通交易者销售或者提供高风险等级的产品或服务时，应当履行以下适当性义务：  

　　（一）追加了解交易者的相关信息；  

　　（二）向交易者提供特别风险警示书，揭示该产品或服务的高风险特征，由交易者签字确认；  

　　（三）给予交易者至少24小时的冷静期或至少增加一次回访告知特别风险。",否,ok,rerank,,说明,《期货经营机构交易者适当性管理实施细则》第二十八条,冷静期是指经营机构向普通交易者销售或提供高风险等级产品或服务时，必须给予交易者至少24小时的考虑时间，以便其审慎决策。该要求出自中国期货业协会发布的自律规则《期货经营机构交易者适当性管理实施细则》第二十八条，属于自律管理要求，不是法律或部门规章设定的法定义务。,1,,期货经营机构交易者适当性管理实施细则.html,,√,
D4-01,数值与门槛,创业板个人投资者的资产门槛是多少,命中,"第五条  投资者参与创业板交易应当符合本办法相关规定。
个人投资者还应当符合下列条件：
（一）申请权限开通前20个交易日证券账户及资金账户内的资产日均不低于人民币10万元（不包括该投资者通过融资融券融入的资金和证券）； 
（二）参与证券交易24个月以上。 
本所可以根据市场情况对前款所述条件作出调整。",否,ok,rerank,,说明,《深圳证券交易所创业板投资者适当性管理》第五条,根据深圳证券交易所发布的规范性文件《创业板投资者适当性管理》第五条规定，个人投资者申请开通创业板交易权限，须满足‘申请权限开通前20个交易日证券账户及资金账户内的资产日均不低于人民币10万元’的门槛要求，且该资产不包括通过融资融券融入的资金和证券。该要求属于交易所层面的适当性管理具体标准，效力为规范性文件，现行有效。,1,,深圳证券交易所创业板投资者适当性管理.docx,,√,
D4-02,数值与门槛,开通创业板权限对交易经验有什么要求,命中,"第五条  投资者参与创业板交易应当符合本办法相关规定。
个人投资者还应当符合下列条件：
（一）申请权限开通前20个交易日证券账户及资金账户内的资产日均不低于人民币10万元（不包括该投资者通过融资融券融入的资金和证券）； 
（二）参与证券交易24个月以上。 
本所可以根据市场情况对前款所述条件作出调整。",否,ok,rerank,,说明,《深圳证券交易所创业板投资者适当性管理》第五条,根据深圳证券交易所发布的规范性文件《创业板投资者适当性管理》第五条规定，个人投资者开通创业板交易权限，须满足‘参与证券交易24个月以上’的要求。该要求属于创业板投资者准入的硬性条件之一，效力层级为交易所规范性文件，现行有效。,1,,深圳证券交易所创业板投资者适当性管理.docx,,√,
D4-03,数值与门槛,违反证券法第八十八条的适当性义务会被罚多少钱,命中,"第一百九十八条 证券公司违反本法第八十八条的规定未履行或者未按照规定履行投资者适当性管理义务的，责令改正，给予警告，并处以十万元以上一百万元以下的罚款。对直接负责的主管人员和其他直接责任人员给予警告，并处以二十万元以下的罚款。|第四十一条　经营机构有下列情形之一的，给予警告，并处以3万元以下罚款；对直接负责的主管人员和其他直接责任人员，给予警告，并处以3万元以下罚款：
（一）违反本办法第十条，未按规定对普通投资者进行细化分类和管理的；
（二）违反本办法第十一条、第十二条，未按规定进行投资者类别转化的；
（三）违反本办法第十三条，未建立或者更新投资者评估数据库的；
（四）违反本办法第十五条，未按规定了解所销售产品或者所提供服务信息或者履行分级义务的；
（五）违反本办法第十六条、第十七条，未按规定划分产品或者服务风险等级的；
（六）违反本办法第二十五条，未按规定录音录像或者采取配套留痕安排的；
（七）违反本办法第二十九条，未按规定制定或者落实适当性内部管理制度和相关制度机制的；
（八）违反本办法第三十条，未按规定开展适当性自查的；
（九）违反本办法第三十二条，未按规定妥善保存相关信息资料的；
（十）违反本办法第六条、第十八条至第二十四条、第二十六条、第二十七条、第三十三条规定，未构成《证券法》第一百九十八条，《证券投资基金法》第一百三十五条、第一百三十七条，《期货和衍生品法》第一百三十五条，《证券公司监督管理条例》第八十三条、第八十四条，《期货交易管理条例》第六十六条、第六十七条规定情形的。",否,ok,citation_exact,本条依据《中华人民共和国证券法》第八十八条 原文直接给出，未经过相似度排序。,说明,《中华人民共和国证券法》第一百九十八条,根据《中华人民共和国证券法》第一百九十八条（法律层级，现行有效），证券公司违反第八十八条投资者适当性管理义务的，责令改正，给予警告，并处以十万元以上一百万元以下的罚款；对直接负责的主管人员和其他直接责任人员给予警告，并处以二十万元以下的罚款。该处罚标准直接来源于法律明文规定，属于法定义务对应的行政处罚。,1,,中华人民共和国证券法_20191228.pdf,,√,
D4-04,数值与门槛,违反适当性管理办法最多罚多少钱,命中,"第四十一条　经营机构有下列情形之一的，给予警告，并处以3万元以下罚款；对直接负责的主管人员和其他直接责任人员，给予警告，并处以3万元以下罚款：
（一）违反本办法第十条，未按规定对普通投资者进行细化分类和管理的；
（二）违反本办法第十一条、第十二条，未按规定进行投资者类别转化的；
（三）违反本办法第十三条，未建立或者更新投资者评估数据库的；
（四）违反本办法第十五条，未按规定了解所销售产品或者所提供服务信息或者履行分级义务的；
（五）违反本办法第十六条、第十七条，未按规定划分产品或者服务风险等级的；
（六）违反本办法第二十五条，未按规定录音录像或者采取配套留痕安排的；
（七）违反本办法第二十九条，未按规定制定或者落实适当性内部管理制度和相关制度机制的；
（八）违反本办法第三十条，未按规定开展适当性自查的；
（九）违反本办法第三十二条，未按规定妥善保存相关信息资料的；
（十）违反本办法第六条、第十八条至第二十四条、第二十六条、第二十七条、第三十三条规定，未构成《证券法》第一百九十八条，《证券投资基金法》第一百三十五条、第一百三十七条，《期货和衍生品法》第一百三十五条，《证券公司监督管理条例》第八十三条、第八十四条，《期货交易管理条例》第六十六条、第六十七条规定情形的。",否,ok,rerank,,说明,《证券期货投资者适当性管理办法》第四十一条,《证券期货投资者适当性管理办法》第四十一条规定，经营机构违反该办法相关义务的，给予警告，并处以3万元以下罚款；对直接负责的主管人员和其他直接责任人员，同样给予警告，并处以3万元以下罚款。该办法本身设定的罚款上限为3万元，属于部门规章层级的法律责任设定。需注意：若同一行为同时违反更高位阶法律（如《证券法》《期货和衍生品法》），则适用相应法律中更重的罚则，但本办法自身规定的最高罚款金额为3万元。,1,,证券期货投资者适当性管理办法.txt,,√,
D4-05,数值与门槛,违反期货和衍生品法适当性规定的罚款是多少,命中,第一百三十五条 期货经营机构违反本法第五十条交易者适当性管理规定，或者违反本法第六十六条规定从事经纪业务接受交易者全权委托，或者有第七十八条损害交易者利益行为的，责令改正，给予警告，没收违法所得，并处以违法所得一倍以上十倍以下的罚款；没有违法所得或者违法所得不足五十万元的，处以五十万元以上五百万元以下的罚款；情节严重的，吊销相关业务许可。对直接负责的主管人员和其他直接责任人员给予警告，并处以二十万元以上二百万元以下的罚款。期货经营机构有本法第七十八条规定的行为，给交易者造成损失的，应当依法承担赔偿责任。,否,ok,rerank,,说明,《中华人民共和国期货和衍生品法》第一百三十五条,《中华人民共和国期货和衍生品法》第一百三十五条是法律层级的明确规定，针对期货经营机构违反交易者适当性管理规定的行为，设定了行政处罚标准：责令改正，给予警告，没收违法所得，并处以违法所得一倍以上十倍以下的罚款；没有违法所得或者违法所得不足五十万元的，处以五十万元以上五百万元以下的罚款；情节严重的，吊销相关业务许可。该条款属于法律规定的法定义务与处罚依据，效力高于部门规章和规范性文件。,1,,中华人民共和国期货和衍生品法_20220420.pdf,,√,
D4-06,数值与门槛,证券公司违反条例第八十三条会被罚多少,命中,"第八十三条　证券公司违反本条例的规定，有下列情形之一的，责令改正，给予警告，没收违法所得，并处以违法所得1倍以上5倍以下的罚款；没有违法所得或者违法所得不足10万元的，处以10万元以上30万元以下的罚款；情节严重的，暂停或者撤销其相关证券业务许可。对直接负责的主管人员和其他直接责任人员，给予警告，并处以3万元以上10万元以下的罚款；情节严重的，撤销任职资格或者证券从业资格：
(一)违反规定委托其他单位或者个人进行客户招揽、客户服务或者产品销售活动；
(二)向客户提供投资建议，对证券价格的涨跌或者市场走势做出确定性的判断；
(三)违反规定委托他人代为买卖证券；
(四)从事证券自营业务、证券资产管理业务，投资范围或者投资比例违反规定；
(五)从事证券资产管理业务，接受一个客户的单笔委托资产价值低于规定的最低限额。",否,ok,rerank,,说明,《证券公司监督管理条例》第八十三条,根据行政法规《证券公司监督管理条例》第八十三条，证券公司违反该条规定，将被责令改正、给予警告、没收违法所得，并处以违法所得1倍以上5倍以下的罚款；没有违法所得或者违法所得不足10万元的，处以10万元以上30万元以下的罚款；情节严重的，暂停或者撤销其相关证券业务许可。对直接负责的主管人员和其他直接责任人员，给予警告，并处以3万元以上10万元以下的罚款；情节严重的，撤销任职资格或者证券从业资格。,1,,证券公司监督管理条例_20140729.docx,,√,
D4-07,数值与门槛,期货公司违反条例第六十六条的处罚是什么,命中,"第六十六条　期货公司有下列行为之一的，责令改正，给予警告，没收违法所得，并处违法所得1倍以上3倍以下的罚款；没有违法所得或者违法所得不满10万元的，并处10万元以上30万元以下的罚款；情节严重的，责令停业整顿或者吊销期货业务许可证：
(一)接受不符合规定条件的单位或者个人委托的；
(二)允许客户在保证金不足的情况下进行期货交易的；
(三)未经批准，擅自办理本条例第十九条所列事项的；
(四)违反规定从事与期货业务无关的活动的；
(五)从事或者变相从事期货自营业务的；
(六)为其股东、实际控制人或者其他关联人提供融资，或者对外担保的；
(七)违反国务院期货监督管理机构有关保证金安全存管监控规定的；
(八)不按照规定向国务院期货监督管理机构履行报告义务或者报送有关文件、资料的；
(九)交易软件、结算软件不符合期货公司审慎经营和风险管理以及国务院期货监督管理机构有关保证金安全存管监控规定的要求的；
(十)不按照规定提取、管理和使用风险准备金的；
(十一)伪造、涂改或者不按照规定保存期货交易、结算、交割资料的；
(十二)任用不具备资格的期货从业人员的；
(十三)伪造、变造、出租、出借、买卖期货业务许可证或者经营许可证的；
(十四)进行混码交易的；
(十五)拒绝或者妨碍国务院期货监督管理机构监督检查的；
(十六)违反国务院期货监督管理机构规定的其他行为。
期货公司有前款所列行为之一的，对直接负责的主管人员和其他直接责任人员给予警告，并处1万元以上5万元以下的罚款；情节严重的，暂停或者撤销期货从业人员资格。
期货公司之外的其他期货经营机构有本条第一款第八项、第十二项、第十三项、第十五项、第十六项所列行为的，依照本条第一款、第二款的规定处罚。
期货公司的股东、实际控制人或者其他关联人未经批准擅自委托他人或者接受他人委托持有或者管理期货公司股权的，拒不配合国务院期货监督管理机构的检查，拒不按照规定履行报告义务、提供有关信息和资料，或者报送、提供的信息和资料有虚假记载、误导性陈述或者重大遗漏的，依照本条第一款、第二款的规定处罚。",否,ok,rerank,,说明,《期货交易管理条例》第六十六条,《期货交易管理条例》第六十六条是行政法规层级的法律责任条款，规定期货公司有列明行为之一的，责令改正，给予警告，没收违法所得，并处违法所得1倍以上3倍以下的罚款；没有违法所得或者违法所得不满10万元的，并处10万元以上30万元以下的罚款；情节严重的，责令停业整顿或者吊销期货业务许可证。该条同时规定对直接负责的主管人员和其他直接责任人员给予警告，并处1万元以上5万元以下的罚款；情节严重的，暂停或者撤销期货从业人员资格。,1,,期货交易管理条例_20170301.docx,,√,
D4-08,数值与门槛,适当性管理相关资料最少要保存多少年,命中,第三十二条　经营机构应当按照相关规定妥善保存其履行适当性义务的相关信息资料，防止泄露或者被不当利用，接受中国证监会及其派出机构和自律组织的检查。对匹配方案、告知警示资料、录音录像资料、自查报告等的保存期限不得少于20年。|第十七条 基金募集机构要建立完善的档案管理制度，妥善保存投资者适当性管理业务资料。投资者适当性管理制度、投资者信息资料、告知警示投资者资料、录音录像资料、自查报告等至少保存 20 年。,否,ok,rerank,,说明,《证券期货投资者适当性管理办法》第三十二条,《证券期货投资者适当性管理办法》第三十二条是部门规章层面的强制性规定，明确要求对匹配方案、告知警示资料、录音录像资料、自查报告等的保存期限不得少于20年；该要求亦被期货业协会《期货经营机构交易者适当性管理实施细则》第三十九条、基金业协会《基金募集机构投资者适当性管理实施指引（试行）》第十七条等自律规则重申，统一执行20年保存期限。,3,,期货经营机构交易者适当性管理实施细则.html｜基金募集机构投资者适当性管理实施指引（试行）.html｜证券期货投资者适当性管理办法.txt,,√,
D4-09,数值与门槛,适当性自查多久做一次,命中,"第三十条　经营机构应当每半年开展一次适当性自查，形成自查报告。发现违反本办法规定的问题，应当及时处理并主动报告住所地中国证监会派出机构。|第十五条 基金募集机构每半年开展一次投资者适当性管理自查。自查可以采取现场、非现场及暗访相结合的方式进行，并形成自查报告留存备查。
　　自查内容包括但不限于投资者适当性管理制度建设及落实情况，人员考核及培训情况，投资者投诉处理情况，发现业务风险及时整改情况，以及其他需要报告的事项。",否,ok,rerank,,说明,《证券期货投资者适当性管理办法》第三十条,《证券期货投资者适当性管理办法》第三十条作为部门规章的强制性规定，明确要求经营机构‘每半年开展一次适当性自查，形成自查报告’。该要求具有法定义务性质，效力高于自律规则。片段1和片段2虽也规定‘每半年开展一次’，但分别属于期货业协会和基金业协会发布的自律规则，效力层级低于部门规章。,1,,证券期货投资者适当性管理办法.txt,,√,
D4-10,数值与门槛,期货经营机构每年要回访多大比例的客户,命中,"第三十三条　经营机构应当建立健全回访制度，由从事销售推介业务以外的人员，以电话、电邮、信函、短信等适当方式，每年抽取不低于上一年度末购买产品或接受服务的交易者总数（不含休眠账户及中止交易账户交易者）的10%进行适当性回访。对于下列普通交易者，经营机构应当进行回访：  

　　（一）生活来源主要依靠积蓄或社会保障的；  

　　（二）购买或接受高风险产品或服务的；   

　　（三）中国证监会、协会和经营机构认为必要的其他交易者。",否,ok,rerank,,说明,《期货经营机构交易者适当性管理实施细则》第三十三条,根据中国期货业协会发布的自律规则《期货经营机构交易者适当性管理实施细则》第三十三条，经营机构应当每年抽取不低于上一年度末购买产品或接受服务的交易者总数（不含休眠账户及中止交易账户交易者）的10%进行适当性回访。该要求属于行业协会自律规则，非法律或部门规章设定的法定义务，但为现行有效的合规要求。,1,,期货经营机构交易者适当性管理实施细则.html,,√,
D4-11,数值与门槛,普通投资者风险承受能力评估有没有次数限制,命中,第七条 基金管理人、基金销售机构应当合理控制普通投资者风险承受能力评估频次，在同一机构进行风险承受能力评估单日不得超过两次，十二个月内累计不得超过八次；风险承受能力评估等级与最近一次结果不一致的，基金管理人、基金销售机构应当提示投资者关注变动情况并进行确认。普通投资者风险承受能力评估结果有效期原则上不得超过十二个月，超过十二个月未评估或者投资者主动告知存在可能影响风险承受能力情况的，基金管理人、基金销售机构向投资者再次销售基金前，应当对投资者风险承受能力重新进行评估。,否,ok,rerank,,有,《公开募集证券投资基金投资者适当性管理细则》第七条,根据部门规章《公开募集证券投资基金投资者适当性管理细则》第七条，基金管理人、基金销售机构应当合理控制普通投资者风险承受能力评估频次，明确限定‘在同一机构进行风险承受能力评估单日不得超过两次，十二个月内累计不得超过八次’。该规定属于部门规章层级的强制性要求，具有法律约束力。,1,,公开募集证券投资基金投资者适当性管理细则.pdf,,√,
D4-12,数值与门槛,向多大年龄以上的投资者销售高风险基金要特别注意,命中,第十三条 基金管理人、基金销售机构向六十五周岁以上普通投资者销售高风险基金的，应当履行特别的注意义务，包括制定更为审慎的销售流程，追加了解相关信息、强化风险提示、给予更多考虑时间或增加回访比例和频次等。,否,ok,rerank,,说明,《公开募集证券投资基金投资者适当性管理细则》第十三条,根据部门规章《公开募集证券投资基金投资者适当性管理细则》第十三条，基金管理人、基金销售机构向六十五周岁以上普通投资者销售高风险基金的，应当履行特别的注意义务。该规定明确设定了年龄门槛为65周岁。,1,,公开募集证券投资基金投资者适当性管理细则.pdf,,√,
D4-13,数值与门槛,期货高风险产品的冷静期至少要多久,命中,"第二十八条　经营机构向普通交易者销售或者提供高风险等级的产品或服务时，应当履行以下适当性义务：  

　　（一）追加了解交易者的相关信息；  

　　（二）向交易者提供特别风险警示书，揭示该产品或服务的高风险特征，由交易者签字确认；  

　　（三）给予交易者至少24小时的冷静期或至少增加一次回访告知特别风险。",否,ok,rerank,,24小时,《期货经营机构交易者适当性管理实施细则》第二十八条,根据中国期货业协会发布的自律规则《期货经营机构交易者适当性管理实施细则》第二十八条，经营机构向普通交易者销售或提供高风险等级的产品或服务时，必须给予交易者‘至少24小时的冷静期’。该细则属于现行有效的自律规则，对期货经营机构具有约束力。,1,,期货经营机构交易者适当性管理实施细则.html,,√,
D4-14,数值与门槛,基金产品和服务的风险等级至少要分几级,命中,"第三十八条 基金产品或者服务的风险等级要按照风险由低到高顺序，至少划分为：R1、R2、R3、R4、R5 五个等级。
　　基金募集机构可以根据实际情况在前款所列等级的基础上进一步进行风险细分。",否,ok,rerank,,说明,《基金募集机构投资者适当性管理实施指引（试行）》第三十八条,《基金募集机构投资者适当性管理实施指引（试行）》第三十八条明确规定，基金产品或者服务的风险等级要按照风险由低到高顺序，至少划分为R1、R2、R3、R4、R5五个等级。该指引属于中国证券投资基金业协会发布的自律规则，现行有效。,1,,基金募集机构投资者适当性管理实施指引（试行）.html,,√,
D4-15,数值与门槛,风险承受能力评估结果要在几个工作日内告知投资者,命中,第二十八条 基金募集机构要根据投资者信息表、风险测评问卷以及其它相关材料，对普通投资者风险等级进行综合评估，并在评估工作结束之日起 5 个工作日内，告知投资者风险等级评估结果。,否,ok,rerank,,说明,《基金募集机构投资者适当性管理实施指引（试行）》第二十八条,根据《基金募集机构投资者适当性管理实施指引（试行）》第二十八条（自律规则），基金募集机构应当在风险等级评估工作结束之日起5个工作日内，告知投资者风险等级评估结果。该指引属于中国证券投资基金业协会发布的自律规则，效力层级低于部门规章，但现行有效，是行业执行的具体操作要求。,1,,基金募集机构投资者适当性管理实施指引（试行）.html,,√,
D5-01,时效与效力,证券期货投资者适当性管理办法什么时候开始施行的,命中,第四十三条 本办法自2017年7月1日起施行。,否,ok,rerank,,说明,,《证券期货投资者适当性管理办法》于2017年7月1日起施行。该信息虽未在检索片段1的文本中直接写出施行日期，但片段3明确载明‘本细则自2017年7月1日起施行’，且其标题为《期货经营机构交易者适当性管理实施细则》，系依据《证券期货投资者适当性管理办法》制定的配套自律规则；结合监管惯例及公开权威信息（如证监会公告），该办法与配套细则同步施行。但需注意：检索片段中未直接出现《证券期货投资者适当性管理办法》本身的施行日期原文，因此严格依据知识库，施行日期未在所给片段中明示。,1,,证券期货投资者适当性管理办法.txt,,√,
D5-02,时效与效力,证券期货投资者适当性管理办法现在有效的是哪个版本,命中,2016年5月26日中国证券监督管理委员会第7次主席办公会议审议通过，根据2020年10月30日中国证券监督管理委员会《关于修改、废止部分证券期货规章的决定》第一次修正，根据2022年8月12日中国证券监督管理委员会《关于修改、废止部分证券期货规章的决定》第二次修正,否,ok,rerank,,说明,,《证券期货投资者适当性管理办法》现行有效版本是经2022年8月12日中国证监会《关于修改、废止部分证券期货规章的决定》第二次修正后的版本，该办法属于部门规章，依据《证券法》《期货和衍生品法》等上位法制定。,2,,证券期货投资者适当性管理办法.txt｜证监会令第202号_关于修改废止部分证券期货规章的决定.txt,,√,
D5-03,时效与效力,适当性管理办法第一次修正是哪一年,命中,2016年5月26日中国证券监督管理委员会第7次主席办公会议审议通过，根据2020年10月30日中国证券监督管理委员会《关于修改、废止部分证券期货规章的决定》第一次修正，根据2022年8月12日中国证券监督管理委员会《关于修改、废止部分证券期货规章的决定》第二次修正,否,ok,rerank,,说明,,《证券期货投资者适当性管理办法》第一次修正时间为2020年，依据是该办法文本中明确记载的‘根据2020年10月30日中国证券监督管理委员会《关于修改、废止部分证券期货规章的决定》第一次修正’。该信息出自部门规章原文，效力层级为部门规章。,1,,证券期货投资者适当性管理办法.txt,,√,
D5-04,时效与效力,适当性管理办法第二次修正是哪一年,命中,2016年5月26日中国证券监督管理委员会第7次主席办公会议审议通过，根据2020年10月30日中国证券监督管理委员会《关于修改、废止部分证券期货规章的决定》第一次修正，根据2022年8月12日中国证券监督管理委员会《关于修改、废止部分证券期货规章的决定》第二次修正,否,ok,rerank,,说明,,《证券期货投资者适当性管理办法》第二次修正是2022年，依据是该办法文本明确载明：'根据2022年8月12日中国证券监督管理委员会《关于修改、废止部分证券期货规章的决定》第二次修正'。该文件属于部门规章，现行有效。,1,,证券期货投资者适当性管理办法.txt,,√,
D5-05,时效与效力,期货交易管理条例是什么时候开始施行的,命中,本条例自2007年4月15日起施行。1999年6月2日国务院发布的《期货交易管理暂行条例》同时废止。,否,ok,rerank,,说明,《期货交易管理条例》第八十六条,《期货交易管理条例》第八十六条规定：‘本条例自2007年4月15日起施行。’该条文出自行政法规，具有法律效力。,1,,期货交易管理条例_20170301.docx,,√,
D5-06,时效与效力,基金募集机构投资者适当性管理实施指引什么时候实施,命中,本指引自2017年7月1日起实施。,否,ok,rerank,,说明,,《基金募集机构投资者适当性管理实施指引（试行）》在检索片段中未载明具体施行日期；片段1和片段2仅说明其为现行有效的自律规则，但未提供生效或实施时间。片段4虽提及另一自律规则（期货经营机构交易者适当性管理实施细则）自2017年7月1日起施行，但该信息不适用于本指引，且无依据表明二者施行时间相同。知识库中相关资料不足，无法确定本指引的实施时间。,2,,基金募集机构投资者适当性管理实施指引（试行）.html｜基金募集机构投资者适当性管理实施指引（试行）.html,,√,
D5-07,时效与效力,期货经营机构交易者适当性管理实施细则是什么时候施行的,命中,（自2017年7月1日起施行，2024年6月修订） |本细则自2017年7月1日起施行。2012年9月27日发布、2015年4月3日修订发布的《期货公司资产管理业务投资者适当性评估程序》，2010年2月9日发布、2013年9月3日修订发布的《期货公司执行金融期货投资者适当性制度管理规则（修订）》同时废止。,否,ok,rerank,,说明,《期货经营机构交易者适当性管理实施细则》第五十二条,该细则是期货业协会发布的自律规则，其施行时间在第五十二条明确规定为2017年7月1日。依据来源为现行有效的自律规则。,1,,期货经营机构交易者适当性管理实施细则.html,,√,
D5-08,时效与效力,公开募集证券投资基金投资者适当性管理细则什么时候施行,命中,第十七条 本细则自发布之日起施行。,否,ok,rerank,,说明,,《公开募集证券投资基金投资者适当性管理细则》的施行时间在检索片段中未载明；片段1仅说明其制定依据和目的，未提及生效或施行日期。知识库中相关资料不足。,1,,公开募集证券投资基金投资者适当性管理细则.pdf,,√,
D5-09,时效与效力,深交所创业板投资者适当性管理办法是哪一年的修订版,命中,2020年修订,否,ok,rerank,,说明,,根据检索片段1，该文件全称为《深圳证券交易所创业板投资者适当性管理实施办法（2020年修订）》，明确标注为2020年修订版；该文件效力为规范性文件，现行有效。,1,,深圳证券交易所创业板投资者适当性管理.docx,,√,
D5-10,时效与效力,深交所证券交易业务指南第1号是哪一年的修订版,命中,2025 年修订,否,ok,rerank,,说明,,《深圳证券交易所证券交易业务指南第1号——投资者适当性管理》是2025年修订版，该信息明确记载于片段1标题中：'深圳证券交易所证券交易业务指南第 1 号——投资者适当性管理（2025 年修订）'。这是深交所发布的自律规则，现行有效。,1,,证券交易业务指南第1号——投资者适当性管理.pdf,,√,
D5-11,时效与效力,证监会令第202号是什么时候公布的,命中,44785,否,ok,rerank,,说明,,《关于修改、废止部分证券期货规章的决定》（证监会令第202号）于2022年8月12日公布，自公布之日起施行。该文件是部门规章，现行有效。,1,,证监会令第202号_关于修改废止部分证券期货规章的决定.txt,,√,
D5-12,时效与效力,证监会令第202号废止了哪部规章,命中,《关于期货交易管理条例第七十条第五项“其他操纵期货交易价格行为”的规定》（2019年11月18日证监会令第160号）,否,ok,rerank,,说明,,根据【检索片段2】，证监会令第202号决定废止的规章是《关于期货交易管理条例第七十条第五项“其他操纵期货交易价格行为”的规定》（2019年11月18日证监会令第160号）。该信息出自附件2‘中国证监会决定废止的规章’，属于部门规章层级的现行有效文件。,1,,证监会令第202号_关于修改废止部分证券期货规章的决定.txt,,√,
D5-13,时效与效力,证监会令第202号修改了哪几部规章,命中,"一、将《期货公司董事、监事和高级管理人员任职管理办法》第一条修改为：“为了加强对期货公司董事、监事和高级管理人员的任职管理，规范期货公司运作，防范经营风险，根据《中华人民共和国公司法》（以下简称《公司法》）、《中华人民共和国期货和衍生品法》和《期货交易管理条例》，制定本办法。”

第六条修改为：“期货公司董事、监事、高级管理人员，应当正直诚实、品行良好，熟悉期货法律、行政法规，具有履行职责所需的经营管理能力。”

第十一条第一项修改为：“符合期货从业人员条件”。

第十四条第一款第一项修改为：“符合期货从业人员条件”。

第十五条修改为：“期货公司法定代表人应当符合期货从业人员条件并具备从事期货业务所需的专业能力。”

第十八条中“可以免试取得期货从业人员资格”修改为“视为符合期货从业人员条件”。

第十九条第三项修改为：“因违法行为或者违纪行为被吊销执业证书或者被取消资格的律师、注册会计师或者投资咨询机构、财务顾问机构、资信评级机构、资产评估机构、验证机构的专业人员，自被吊销执业证书或者被取消资格之日起未逾5年。”

第二十二条第四项修改为：“符合期货从业人员条件的证明”。

第二十四条第一款第四项修改为：“符合期货从业人员条件的证明”。

第四十八条第一款删去“及其”。

二、将《期货公司风险监管指标管理办法》第一条修改为：“为了加强期货公司监督管理，促进期货公司加强内部控制、防范风险、稳健发展，根据《中华人民共和国期货和衍生品法》（以下简称《期货和衍生品法》）、《期货交易管理条例》，制定本办法。”

第六条第一款修改为：“期货公司应当聘请符合规定的会计师事务所对期货公司年度风险监管报表进行审计。”

第十三条第二款中“具有证券、期货业务资格的会计师事务所”修改为“符合规定的会计师事务所”。

第二十三条第二款中“具有证券、期货相关业务资格的会计师事务所”修改为“符合规定的会计师事务所”。

第三十一条中“《期货交易管理条例》第五十五条”修改为“《期货和衍生品法》第七十三条”。

第三十二条修改为：“期货公司违反本办法规定的，中国证监会及其派出机构可以依据《期货和衍生品法》第一百三十四条、《期货交易管理条例》第六十六条的规定处罚。”

三、将《期货投资者保障基金管理办法》名称修改为《期货交易者保障基金管理办法》。

第一条修改为：“为保护期货交易者的合法权益，根据《中华人民共和国期货和衍生品法》（以下简称《期货和衍生品法》）、《期货交易管理条例》制定本办法。”

第二条、第三条、第七条、第二十条、第二十一条、第二十二条、第二十三条、第二十四条中“投资者”修改为“交易者”，“投资”修改为“交易”。

第二十七条修改为：“期货交易所、期货公司违反本办法规定，延期缴纳或者拒不缴纳保障基金以及不按规定保存、报送有关信息和资料的，中国证监会根据《期货和衍生品法》第一百四十四条以及《期货交易管理条例》第六十四条、第六十六条进行处罚。”

四、将《期货公司期货投资咨询业务试行办法》名称修改为《期货公司期货交易咨询业务办法》。

第一条修改为：“为了规范期货公司期货交易咨询业务活动，提高期货公司专业化服务能力，保护客户合法权益，促进期货市场更好地服务国民经济发展，根据《中华人民共和国期货和衍生品法》（以下简称《期货和衍生品法》）、《期货交易管理条例》等有关规定，制定本办法。”

第二条、第四条、第五条、第八条、第十条、第十二条、第十四条、第十五条、第二十一条、第二十二条、第二十三条、第二十五条、第二十六条、第二十七条、第二十八条、第二十九条、第三十条、第三十五条中“投资”修改为“交易”。

第三条修改为：“期货公司从事期货交易咨询业务，应当经中国证监会批准取得期货交易咨询业务资格；期货公司从事期货交易咨询业务的人员应当符合相关从业条件。

未取得规定资格的期货公司、不符合相关从业条件的人员不得从事期货交易咨询业务活动。”

第二章名称修改为：“公司业务资格和人员从业管理”。

第六条修改为：“期货公司申请从事期货交易咨询业务，应当具备下列条件：

（一）注册资本不低于人民币1亿元，且净资本不低于人民币8000万元；

（二）申请日前6个月的风险监管指标持续符合监管要求；

（三）具有3年以上期货从业经历并符合期货交易咨询从业条件的高级管理人员不少于1名，具有2年以上期货从业经历并符合期货交易咨询从业条件的业务人员不少于5名，且前述高级管理人员和业务人员最近3年内无不良诚信记录，未受到行政、刑事处罚，且不存在因涉嫌违法违规正被有权机关调查的情形；

（四）具有完备的期货交易咨询业务管理制度；

（五）近3年内未因违法违规经营受到行政、刑事处罚，且不存在因涉嫌重大违法违规正被有权机关调查的情形；

（六）近1年内不存在被监管机构采取《期货和衍生品法》第七十三条、第七十四条规定的监管措施的情形；

（七）中国证监会根据审慎监管原则规定的其他条件。”

第七条修改为：“期货公司申请期货交易咨询业务资格，应当提交下列申请材料：

（一）期货交易咨询业务资格申请书；

（二）股东会关于申请期货交易咨询业务的决议文件；

（三）申请日前6个月的期货公司风险监管报表；

（四）期货交易咨询业务管理制度文本，内容包括部门和人员管理、业务操作、合规检查、客户回访与投诉等；

（五）最近3年的期货公司合规经营情况说明；

（六）拟从事期货交易咨询业务的高级管理人员和业务人员的名单、简历、相关任职条件和从业条件证明，以及公司出具的诚信合规证明材料；

（七）加盖公司公章的《企业法人营业执照》复印件、《经营期货业务许可证》复印件；

（八）经符合规定的会计师事务所审计的前一年度财务报告；申请日在下半年的，还应当提供经审计的半年度财务报告；

（九）律师事务所就期货公司是否符合本办法第六条第（三）、（五）项规定的条件，以及股东会决议是否合法出具的法律意见书；

（十）中国证监会规定的其他材料。”

第九条修改为：“中国期货业协会负责期货交易咨询业务从业人员的日常管理等相关工作，相关自律管理办法由中国期货业协会制定。”

第十一条中“从业资格”修改为“从业信息”。

第十三条修改为：“期货公司及其从业人员在开展期货交易咨询服务时，不得从事下列行为：

（一）向客户做获利保证，或者约定分享收益或共担风险；

（二）以虚假信息、市场传言或者内幕信息为依据向客户提供期货交易咨询服务；

（三）利用期货交易咨询活动操纵期货交易价格、进行内幕交易，或者传播虚假、误导性信息；

（四）以个人名义收取服务报酬；

（五）期货法律、法规、规章禁止的其他行为。

期货交易咨询业务人员在开展期货交易咨询服务时，不得接受客户委托代为从事期货交易。”

删去第十八条第二款中的“从业证号、”。

第十九条修改为：“期货公司提供交易咨询服务时，应当向客户明示有无利益冲突，提示潜在的市场变化和交易风险。

期货公司提供的交易方案或者期货交易策略应当以本公司的研究报告、合法取得的研究报告、相关行业信息资料以及公开发布的相关信息等为主要依据。

期货公司应当告知客户自主做出期货交易决策，独立承担期货交易后果，并不得泄露客户的交易决策计划信息。”

第三十一条修改为：“期货公司未取得规定资格从事期货交易咨询业务活动的，或者任用不具备相应条件的人员从事期货交易咨询业务活动的，责令改正；情节严重的，根据《期货和衍生品法》第一百三十二条、《期货交易管理条例》第六十六条的规定处罚。”

第三十二条修改为：“期货公司或其从业人员开展期货交易咨询业务出现下列情形之一的，中国证监会及其派出机构可以针对具体情况，根据《期货和衍生品法》第七十三条的规定采取相应监管措施：

（一）对期货交易咨询服务能力进行虚假、误导性宣传，欺诈或者误导客户；

（二）高级管理人员缺位或者业务部门人员低于规定要求；

（三）以个人名义为客户提供期货交易咨询服务；

（四）违反本办法第十三条规定；

（五）未按照规定建立防范利益冲突的管理制度、机制；

（六）未有效执行防范利益冲突管理制度、机制且处置失当，导致发生重大利益冲突事件；

（七）利用研究报告、资讯信息为自身及其他利益相关方谋取不当利益；

（八）其他不符合本办法规定的情形。

期货公司或其从业人员出现前款所列情形之一，根据《期货和衍生品法》第一百二十五条、第一百二十六条、第一百二十七条、第一百三十五条，《期货交易管理条例》第六十六条、第六十七条相关规定处罚；涉嫌犯罪的，依法移送司法机关。”

第三十四条修改为：“期货公司及其从业人员通过报刊、电视、电台和网络等公共媒体开展期货行情分析等信息传播活动的，期货公司应当取得期货交易咨询业务资格、从业人员应当符合相关条件，遵守金融信息传播相关规定，保护他人的知识产权；在开展期货信息传播活动前，期货公司及其从业人员应当向住所地的中国证监会派出机构报告。”

五、将《证券期货经营机构及其工作人员廉洁从业规定》第一条修改为：“为促进资本市场健康发展，净化资本市场生态环境，保护投资者合法权益，切实加强对证券期货经营机构及其工作人员廉洁从业的监督管理，根据《中华人民共和国证券法》（以下简称《证券法》）、《中华人民共和国证券投资基金法》（以下简称《证券投资基金法》）、《中华人民共和国期货和衍生品法》（以下简称《期货和衍生品法》）、《证券公司监督管理条例》、《期货交易管理条例》等法律法规，制定本规定。”

第十九条修改为：“证券期货经营机构及其工作人员违反本规定，并违反《证券法》、《证券投资基金法》、《期货和衍生品法》、《证券公司监督管理条例》、《期货交易管理条例》规定的，中国证监会可以采取限制业务活动，限制向董事、监事、高级管理人员支付报酬、提供福利，责令更换董事、监事、高级管理人员等行政监管措施，并按照相关法律法规的规定进行处罚。”

第二十七条修改为：“私募基金管理人、其他公募基金管理人、证券投资咨询机构、期货交易咨询机构、证券资信评级机构、基金销售机构、基金托管人以及从事基金评价、基金估值、信息技术服务等证券期货服务类机构参照本规定执行。”

六、将《关于加强证券期货信息传播管理的若干规定》第七条第一款修改为：“证券期货专业报刊、经济类报刊刊发本规定第三条所述第（五）项信息时，必须对撰稿人是否符合证券投资咨询、期货交易咨询业务相关从业要求进行审查，撰稿人不能提供证明文件时，其稿件不得刊发。”

第九条修改为：“电台、电视台不得向任何机构和个人出租节目时间开办证券期货节目；不得与个人合办证券期货节目；聘请个人做证券期货节目主持人播发第三条所述第（五）项信息时，必须对被聘人员是否符合证券投资咨询、期货交易咨询业务相关从业要求进行审查，被聘人员不能提供证明文件时，电台、电视台不能聘其主持该类节目。与机构合办证券期货节目，节目的终审权在电台、电视台。电台、电视台不得准许合作方的工作人员以本电台、电视台记者身份从事采访活动。”

第十条第一款修改为：“电台、电视台播发第三条所述第（五）项信息时，必须对撰稿人是否符合证券投资咨询、期货交易咨询业务相关从业要求进行审查。撰稿人不能提供证明文件时，其稿件不得播发。”

第十二条修改为：“电话信息服务台、计算机信息服务公司聘请人员主持或传播第三条所述第（五）项信息时，被聘者或撰稿人必须是符合证券投资咨询、期货交易咨询业务相关从业要求的咨询人员。

在其产品（软件）中刊载第三条所述第（五）项咨询报告时，报告撰稿人必须署名真实姓名，并且是符合证券投资咨询、期货交易咨询业务相关从业要求的咨询人员。”

七、将《证券期货业反洗钱工作实施办法》第一条修改为：“为进一步配合国务院反洗钱行政主管部门加强证券期货业反洗钱工作，有效防范证券期货业洗钱和恐怖融资风险，规范行业反洗钱监管行为，推动证券期货经营机构认真落实反洗钱工作，维护证券期货市场秩序，根据《中华人民共和国反洗钱法》（以下简称《反洗钱法》）、《中华人民共和国证券法》、《中华人民共和国证券投资基金法》、《中华人民共和国期货和衍生品法》及《期货交易管理条例》等法律法规，制定本办法。”

八、将《证券期货投资者适当性管理办法》第一条修改为：“为了规范证券期货投资者适当性管理，维护投资者合法权益，根据《中华人民共和国证券法》（以下简称《证券法》）、《中华人民共和国证券投资基金法》（以下简称《证券投资基金法》）、《中华人民共和国期货和衍生品法》（以下简称《期货和衍生品法》）、《证券公司监督管理条例》、《期货交易管理条例》及其他相关法律、行政法规，制定本办法。”

第二条增加一款，作为第二款：“本办法所称投资者，包括《证券法》规定的投资者，《证券投资基金法》规定的投资人、基金份额持有人，以及《期货和衍生品法》规定的交易者等。”

第三十八条修改为：“证券公司、期货公司违反本办法规定，存在较大风险或者风险隐患的，中国证监会及其派出机构可以按照《证券法》第一百四十条、《期货和衍生品法》第七十三条、《证券公司监督管理条例》第七十条、《期货交易管理条例》第五十五条的规定，采取监督管理措施。”

第三十九条修改为：“违反本办法第六条、第十八条、第十九条、第二十条、第二十一条、第二十二条第（三）项至第（六）项、第二十三条、第二十四条、第三十三条规定的，按照《证券法》第一百九十八条、《证券投资基金法》第一百三十七条、《期货和衍生品法》第一百三十五条、《证券公司监督管理条例》第八十四条、《期货交易管理条例》第六十七条予以处理。”

第四十条修改为：“违反本办法第二十二条第（一）项至第（二）项、第二十六条、第二十七条规定的，按照《证券投资基金法》第一百三十五条、《期货和衍生品法》第一百三十五条、《证券公司监督管理条例》第八十三条、《期货交易管理条例》第六十六条予以处理。”

第四十一条第十项修改为：“违反本办法第六条、第十八条至第二十四条、第二十六条、第二十七条、第三十三条规定，未构成《证券法》第一百九十八条，《证券投资基金法》第一百三十五条、第一百三十七条，《期货和衍生品法》第一百三十五条，《证券公司监督管理条例》第八十三条、第八十四条，《期货交易管理条例》第六十六条、第六十七条规定情形的”。

《期货公司董事、监事和高级管理人员任职管理办法》等8部规章根据本决定作相应修改，重新公布。",否,ok,rerank,,说明,,根据《关于修改、废止部分证券期货规章的决定》（证监会令第202号）第一条，中国证监会决定对8部规章的部分条款予以修改，并在附件1中明确列出其中一部为《期货公司董事、监事和高级管理人员任职管理办法》；附件1标题为'中国证监会决定修改的规章'，表明所列规章均属被修改对象。但检索片段未完整载明附件1全部8部规章名称，仅出现该办法名称，其余7部未在提供的片段中体现。因此，可确认至少修改了《期货公司董事、监事和高级管理人员任职管理办法》，其余7部规章名称资料中没有。,2,,证监会令第202号_关于修改废止部分证券期货规章的决定.txt｜证监会令第202号_关于修改废止部分证券期货规章的决定.txt,,√,
D5-14,时效与效力,证券期货投资者适当性管理办法问答属于什么性质的材料,命中,"投资者适当性管理正是
基于两者的差异，通过要求经营机构履行必要的义务，减少
信息不对称，从而为投资者提供适当的产品或服务的针对性
措施，是资本市场重要的基础性制度。",否,ok,rerank,,说明,,《证券期货投资者适当性管理办法》问答属于规范性文件，现行有效，其性质是证监会对《证券期货投资者适当性管理办法》的官方解读和政策说明，用于指导市场各方理解与执行该部门规章，本身不设罚则、不直接创设权利义务，效力层级低于部门规章。,1,,《证券期货投资者适当性管理办法》问答.pdf,,√,
D5-15,时效与效力,证券公司监督管理条例是什么时候施行的,命中,2008年4月23日中华人民共和国国务院令第522号公布　根据2014年7月29日《国务院关于修改部分行政法规的决定》修订,否,ok,rerank,,说明,,《证券公司监督管理条例》于2008年4月23日由国务院令第522号公布，根据2014年7月29日《国务院关于修改部分行政法规的决定》修订；但检索片段中未载明其施行日期，仅说明其为现行有效行政法规。,1,,证券公司监督管理条例_20140729.docx,,√,
D6-01,业务场景判断,客户风险测评是C3想买R5的基金能不能卖,命中,"第四十八条 普通投资者主动要求购买与之风险承受能力不匹配的基金产品或者服务的，基金销售要遵循以下程序：
　　（一）普通投资者主动向基金募集机构提出申请，明确表示要求购买具体的、高于其风险承受能力的基金产品或服务，并同时声明，基金募集机构及其工作人员没有在基金销售过程中主动推介该基金产品或服务的信息；
　　（二）基金募集机构对普通投资者资格进行审核，确认其不属于风险承受能力最低类别投资者，也没有违反投资者准入性规定；
　　（三）基金募集机构向普通投资者以纸质或电子文档的方式进行特别警示，告知其该产品或服务风险高于投资者承受能力；
　　（四）普通投资者对该警示进行确认，表示已充分知晓该基金产品或者服务风险高于其承受能力，并明确做出愿意自行承担相应不利结果的意思表示；
　　（五）基金募集机构履行特别警示义务后，普通投资者仍坚持购买该产品或者服务的，基金募集机构可以向其销售相关产品或者提供相关服务。",否,ok,rerank,,违反,《基金募集机构投资者适当性管理实施指引（试行）》第四十四条,根据《基金募集机构投资者适当性管理实施指引（试行）》第四十四条（自律规则），C3型普通投资者仅可购买R3级及以下风险等级的基金产品或服务；R5产品超出其匹配范围。该指引虽属自律规则，但系中国证券投资基金业协会依据《证券投资基金法》第九十八条授权制定，且与部门规章《公开募集证券投资基金投资者适当性管理细则》第六条、法律《证券投资基金法》第九十八条构成监管要求体系，实践中违反将导致自律处分并可能被认定为未履行法定适当性义务。,1,,基金募集机构投资者适当性管理实施指引（试行）.html,,√,
D6-02,业务场景判断,客户属于风险承受能力最低类别但坚持要买R5产品能不能卖,命中,"第四十六条 最低风险承受能力类别的普通投资者不得购买高于其风险承受能力的基金产品或者服务。
　　除因遗产继承等特殊原因产生的基金份额转让之外，普通投资者主动购买高于其风险承受能力基金产品或者服务的行为，不得突破相关准入资格的限制。",否,ok,rerank,,违反,《证券期货投资者适当性管理办法》第十九条,《证券期货投资者适当性管理办法》是部门规章，其第十九条规定：经营机构确认投资者不属于风险承受能力最低类别后，方可就高风险产品进行书面风险警示并销售。片段1明确指出‘禁止经营机构向风险承受能力最低类别的投资者销售或提供风险等级高于其风险承受能力的产品或服务’；片段3的第十九条虽未直接写‘禁止’，但以‘确认其不属于风险承受能力最低类别’为前提，反向排除了向该类投资者销售的可能性。因此，向风险承受能力最低类别客户销售R5产品，违反部门规章的禁止性要求。,2,,《证券期货投资者适当性管理办法》问答.pdf｜证券期货投资者适当性管理办法.txt,,√,
D6-03,业务场景判断,向65岁以上的老年客户推销高风险基金要注意什么,命中,第十三条 基金管理人、基金销售机构向六十五周岁以上普通投资者销售高风险基金的，应当履行特别的注意义务，包括制定更为审慎的销售流程，追加了解相关信息、强化风险提示、给予更多考虑时间或增加回访比例和频次等。,否,ok,rerank,,说明,《公开募集证券投资基金投资者适当性管理细则》第十三条,根据部门规章《公开募集证券投资基金投资者适当性管理细则》第十三条，向六十五周岁以上普通投资者销售高风险基金的，基金管理人、基金销售机构应当履行特别的注意义务，具体包括制定更为审慎的销售流程，追加了解相关信息、强化风险提示、给予更多考虑时间或增加回访比例和频次等。该要求属于部门规章设定的法定义务，具有强制效力。,1,,公开募集证券投资基金投资者适当性管理细则.pdf,,√,
D6-04,业务场景判断,销售人员能不能自己给客户做风险承受能力测评,命中,第三十二条　经营机构应当建立交易者适当性评估与销售隔离机制，销售人员不得参与交易者的分类评估、产品与服务的分级评估，以及交易者与产品或服务的匹配。,否,ok,rerank,,不违反,《期货经营机构交易者适当性管理实施细则》第十一条,这是自律规则的要求，不属于法定义务；《期货经营机构交易者适当性管理实施细则》第十一条明确允许经营机构制作风险承受能力评估问卷，并由经营机构组织交易者填写，未禁止销售人员具体执行测评操作，但强调‘不得进行诱导、误导、欺骗交易者，影响填写结果’，即销售人员可实施测评行为，前提是确保程序合规、结果真实。,1,,期货经营机构交易者适当性管理实施细则.html,,√,
D6-05,业务场景判断,现场向普通投资者做风险告知要留什么记录,命中,第二十五条　经营机构通过营业网点向普通投资者进行本办法第十二条、第二十条、第二十一条和第二十三条规定的告知、警示，应当全过程录音或者录像；通过互联网等非现场方式进行的，经营机构应当完善配套留痕安排，由普通投资者通过符合法律、行政法规要求的电子方式进行确认。,否,ok,rerank,,说明,《证券期货投资者适当性管理办法》第二十五条,根据部门规章《证券期货投资者适当性管理办法》第二十五条，经营机构通过营业网点向普通投资者进行风险告知等法定告知、警示程序的，应当全过程录音或者录像。该要求属于法定义务，效力层级为部门规章。,1,,证券期货投资者适当性管理办法.txt,,√,
D6-06,业务场景判断,客户不配合提供适当性信息怎么办,命中,"第三十三条　投资者购买产品或者接受服务，按规定需要提供信息的，所提供的信息应当真实、准确、完整。投资者根据本办法第六条规定所提供的信息发生重要变化、可能影响其分类的，应当及时告知经营机构。
投资者不按照规定提供相关信息，提供信息不真实、不准确、不完整的，应当依法承担相应法律责任，经营机构应当告知其后果，并拒绝向其销售产品或者提供服务。|第九条  投资者不配合适当性管理提供相关信息，提供信息不真实、不准确、不完整的，会员应当告知其后果，并拒绝为其开通创业板交易权限。",否,ok,rerank,,违反,《证券期货投资者适当性管理办法》第二十七条,这是部门规章的要求。《证券期货投资者适当性管理办法》第二十七条明确规定，委托方不提供规定信息或提供不完整的，经营机构应当拒绝代销产品或者提供服务；该办法问答（片段4）进一步确认此义务，并强调经营机构须自行调查核实、履行适当性匹配义务。因此，若客户不配合提供适当性信息，经营机构继续提供服务即违反该部门规章。,2,,《证券期货投资者适当性管理办法》问答.pdf｜证券期货投资者适当性管理办法.txt,,√,
D6-07,业务场景判断,委托第三方做产品风险等级划分适当性义务能不能转移给第三方,命中,"第三十六条 基金募集机构对基金产品或者服务的风险等级划分，可以由基金募集机构完成，也可以委托第三方机构提供。
　　委托第三方机构提供基金产品或者服务风险等级划分的，基金募集机构应当要求其提供基金产品或者服务风险等级划分方法及其说明。
　　基金募集机构落实适当性义务不因委托第三方而免除。",否,ok,rerank,,不违反,《证券期货投资者适当性管理办法》第三十六条,基金募集机构或销售机构委托第三方提供风险等级划分，不导致其适当性义务转移，这是部门规章和自律规则共同明确的法定义务与自律要求。《证券期货投资者适当性管理办法》第三十六条虽未直接规定委托情形，但授权行业协会制定风险等级名录并要求经营机构评估不得低于名录等级，结合《基金募集机构投资者适当性管理实施指引（试行）》第三十六条（自律规则）和《公开募集证券投资基金投资者适当性管理细则》第八条（部门规章），均强调‘委托不免责’——即落实适当性义务不因委托第三方而免除，且须确保第三方方法符合法规。该义务属于部门规章设定的法定义务，非仅自律要求。,2,,基金募集机构投资者适当性管理实施指引（试行）.html｜公开募集证券投资基金投资者适当性管理细则.pdf,,√,
D6-08,业务场景判断,向普通投资者主动推介风险等级高的产品可以吗,命中,"第二十九条　经营机构应当制定适当性内部管理制度，明确投资者分类、产品或者服务分级、适当性匹配的具体依据、方法、流程等，严格按照内部管理制度进行分类、分级，定期汇总分类、分级结果，并对每名投资者提出匹配意见。
经营机构应当制定并严格落实与适当性内部管理有关的限制不匹配销售行为、客户回访检查、评估与销售隔离等风控制度，以及培训考核、执业规范、监督问责等制度机制，不得采取鼓励不适当销售的考核激励措施，确保从业人员切实履行适当性义务。",否,ok,rerank,,违反,《证券期货投资者适当性管理办法》第二十二条,这是部门规章的禁止性规定。《证券期货投资者适当性管理办法》第二十二条第三项明确禁止经营机构向普通投资者主动推介风险等级高于其风险承受能力的产品或者服务；片段2作为规范性文件进一步重申该禁令，表述一致。主动推介高风险产品即构成违规，不以投资者是否接受或签署风险揭示为豁免条件。,2,,《证券期货投资者适当性管理办法》问答.pdf｜证券期货投资者适当性管理办法.txt,,√,
D6-09,业务场景判断,客户主动要求买高于其风险承受能力的产品要办什么手续,命中,第十九条　经营机构告知投资者不适合购买相关产品或者接受相关服务后，投资者主动要求购买风险等级高于其风险承受能力的产品或者接受相关服务的，经营机构在确认其不属于风险承受能力最低类别的投资者后，应当就产品或者服务风险高于其承受能力进行特别的书面风险警示，投资者仍坚持购买的，可以向其销售相关产品或者提供相关服务。,否,ok,rerank,,说明,《证券期货投资者适当性管理办法》第十九条,根据部门规章《证券期货投资者适当性管理办法》第十九条，经营机构在告知投资者不适合购买相关产品后，如投资者主动要求购买风险等级高于其风险承受能力的产品，须履行三项手续：（1）确认其不属于风险承受能力最低类别的投资者；（2）就产品风险高于其承受能力进行特别的书面风险警示；（3）投资者仍坚持购买的，方可销售。该规定属于法定义务，违反将承担行政责任。自律规则（如片段1、2）进一步细化操作流程，但效力层级低于部门规章，不改变上述法定要件。,2,,《证券期货投资者适当性管理办法》问答.pdf｜证券期货投资者适当性管理办法.txt,,√,
D6-10,业务场景判断,向普通投资者销售产品前必须告知哪些信息,命中,"第二十三条　经营机构向普通投资者销售产品或者提供服务前，应当告知下列信息：
（一）可能直接导致本金亏损的事项；
（二）可能直接导致超过原始本金损失的事项；
（三）因经营机构的业务或者财产状况变化，可能导致本金或者原始本金亏损的事项；
（四）因经营机构的业务或者财产状况变化，影响客户判断的重要事由；
（五）限制销售对象权利行使期限或者可解除合同期限等全部限制内容；
（六）本办法第二十九条规定的适当性匹配意见。",否,ok,rerank,,说明,《证券期货投资者适当性管理办法》第二十三条,《证券期货投资者适当性管理办法》第二十三条（部门规章）明确规定，经营机构向普通投资者销售产品或者提供服务前，应当告知六类信息：（一）可能直接导致本金亏损的事项；（二）可能直接导致超过原始本金损失的事项；（三）因经营机构业务或财产状况变化可能导致本金或原始本金亏损的事项；（四）影响客户判断的重要事由；（五）限制权利行使或解除合同的全部限制内容；（六）本办法第二十九条规定的适当性匹配意见。该条款为法定义务，具有强制效力。,1,,证券期货投资者适当性管理办法.txt,,√,
D6-11,业务场景判断,高风险产品在销售环节有什么额外的程序要求,命中,"第二十八条　经营机构向普通交易者销售或者提供高风险等级的产品或服务时，应当履行以下适当性义务：  

　　（一）追加了解交易者的相关信息；  

　　（二）向交易者提供特别风险警示书，揭示该产品或服务的高风险特征，由交易者签字确认；  

　　（三）给予交易者至少24小时的冷静期或至少增加一次回访告知特别风险。",否,ok,rerank,,说明,,高风险产品在销售环节的额外程序要求包括：（1）追加了解交易者/投资者相关信息；（2）提供特别风险警示书或强化风险提示，并由投资者签字确认或录音录像留痕；（3）给予普通投资者至少24小时冷静期，或增加回访频次、比例和频次，或给予更多考虑时间；（4）对六十五周岁以上普通投资者，还需制定更为审慎的销售流程。其中，第二十八条（自律规则）、第二十条（部门规章）、第十六条（自律规则）、第十三条（部门规章）分别作出具体规定，体现监管对高风险产品销售环节的强化管控要求。,4,,期货经营机构交易者适当性管理实施细则.html｜证券期货投资者适当性管理办法.txt｜基金募集机构投资者适当性管理实施指引（试行）.html｜公开募集证券投资基金投资者适当性管理细则.pdf,,√,
D6-12,业务场景判断,普通投资者申请转为专业投资者要办什么手续,命中,"第十二条　普通投资者申请成为专业投资者应当以书面形式向经营机构提出申请并确认自主承担可能产生的风险和后果，提供相关证明材料。
经营机构应当通过追加了解信息、投资知识测试或者模拟交易等方式对投资者进行谨慎评估，确认其符合前条要求，说明对不同类别投资者履行适当性义务的差别，警示可能承担的投资风险，告知申请的审查结果及其理由。",否,ok,rerank,,说明,《证券期货投资者适当性管理办法》第十二条,这是对部门规章《证券期货投资者适当性管理办法》第十二条规定的程序性要求的说明。该条规定：普通投资者申请成为专业投资者，须以书面形式向经营机构提出申请，并确认自主承担可能产生的风险和后果，同时提供相关证明材料；经营机构应当通过追加了解信息、投资知识测试或模拟交易等方式进行谨慎评估，说明适当性义务差别、警示风险，并告知审查结果及理由。此外，《办法》第十一条明确了转化的资格条件，包括资产、收入、投资经历等硬性门槛，但具体手续以第十二条为准。,2,,证券期货投资者适当性管理办法.txt｜证券期货投资者适当性管理办法.txt,,√,
D6-13,业务场景判断,客户的风险承受能力发生变化经营机构要做什么,命中,第二十一条　经营机构应当根据投资者和产品或者服务的信息变化情况，主动调整投资者分类、产品或者服务分级以及适当性匹配意见，并告知投资者上述情况。,否,ok,rerank,,说明,《证券期货投资者适当性管理办法》第十九条、《期货经营机构交易者适当性管理实施细则》第十七条、《公开募集证券投资基金投资者适当性管理细则》第十二条,客户风险承受能力发生变化时，经营机构负有动态跟踪、评估与调整义务：一是应当利用评估数据库及交易行为记录等信息持续跟踪和评估，必要时调整其风险承受能力等级，并将调整结果交客户签署确认（自律规则《期货经营机构交易者适当性管理实施细则》第十七条）；二是若调整后导致原持有产品风险等级高于其新风险承受能力，应通过电子邮件、即时通讯工具或应用软件等方式及时告知客户并调整匹配意见（部门规章《公开募集证券投资基金投资者适当性管理细则》第十二条）；三是若客户在被告知不适当后仍主动要求购买高风险产品，经营机构须履行特别书面风险警示义务（部门规章《证券期货投资者适当性管理办法》第十九条）。上述要求分别出自自律规则、部门规章，其中部门规章具有法定效力，构成法定义务。,3,,期货经营机构交易者适当性管理实施细则.html｜证券期货投资者适当性管理办法.txt｜公开募集证券投资基金投资者适当性管理细则.pdf,,√,
D6-14,业务场景判断,投资者适当性相关的纠纷怎么处理,命中,"第三十四条　经营机构应当妥善处理适当性相关的纠纷，与投资者协商解决争议，采取必要措施支持和配合投资者提出的调解。经营机构履行适当性义务存在过错并造成投资者损失的，应当依法承担相应法律责任。
经营机构与普通投资者发生纠纷的，经营机构应当提供相关资料，证明其已向投资者履行相应义务。",否,ok,rerank,,说明,《证券期货投资者适当性管理办法》第三十四条,《证券期货投资者适当性管理办法》第三十四条（部门规章）明确规定：经营机构应当妥善处理适当性相关纠纷，与投资者协商解决争议，并采取必要措施支持和配合投资者提出的调解；若履行适当性义务存在过错并造成投资者损失，应依法承担相应法律责任；与普通投资者发生纠纷时，经营机构须提供相关资料证明已履行义务。该规定在《办法》问答（规范性文件）中进一步细化为四项要求：落实投诉首要责任、协商解决、支持调解、举证义务及过错赔偿责任。上述内容属于对纠纷处理机制的法定要求，效力层级为部门规章，具有行政监管约束力。,3,,证券期货投资者适当性管理办法.txt｜《证券期货投资者适当性管理办法》问答.pdf｜《证券期货投资者适当性管理办法》问答.pdf,,√,
D6-15,业务场景判断,客户不符合条件又不配合提供信息能不能给他开通创业板权限,命中,第九条  投资者不配合适当性管理提供相关信息，提供信息不真实、不准确、不完整的，会员应当告知其后果，并拒绝为其开通创业板交易权限。,否,ok,rerank,,违反,《深圳证券交易所创业板投资者适当性管理》第九条,根据深圳证券交易所发布的规范性文件《创业板投资者适当性管理》第九条，投资者不配合适当性管理提供相关信息，或提供信息不真实、不准确、不完整的，会员应当告知其后果，并拒绝为其开通创业板交易权限。该要求属于交易所对会员履行适当性管理职责的明确禁止性规定，违反即构成违规。虽该文件效力层级为规范性文件（非法律或部门规章），但系现行有效的监管要求，会员未执行将面临自律监管措施。,1,,深圳证券交易所创业板投资者适当性管理.docx,,√,
D7-01,跨业务线差异,证券期货基金三条线在投资者分类上的要求一样吗,命中至少两个层级,"第二十六条 专业投资者之外的，符合法律、法规要求，可以从事基金交易活动的投资者为普通投资者。
　　基金募集机构要按照风险承受能力，将普通投资者由低到高至少分为 C1（含风险承受能力最低类别）、C2、C3、C4、C5 五种类型。|第十条　经营机构应当将普通交易者按其风险承受能力至少划分为五类，由低至高分别为Ｃ1（含风险承受能力最低类别）、Ｃ2、Ｃ3、Ｃ4、Ｃ5类。",否,ok,wiki,本条依据知识库词条「证券、期货、基金三条业务线的投资者分类制度对照」，它是对多条法规的预先编译，未经过单片段相似度排序。,说明,,证券、期货、基金三条业务线在投资者分类上采用统一基础框架，均分为普通投资者与专业投资者（或普通交易者与专业交易者），但具体规则层级和细化要求存在差异：证券法第八十九条、期货和衍生品法第五十一条、证券期货投资者适当性管理办法第七条均确立‘普通/专业’二元分类；基金领域适用《证券期货投资者适当性管理办法》及配套自律规则（如《基金募集机构投资者适当性管理实施指引（试行）》第二十六条），其普通投资者定义为‘专业投资者之外、符合法律、法规要求可从事基金交易的投资者’；期货领域则依据《期货和衍生品法》第五十一条及《期货经营机构交易者适当性管理实施细则》第十条，使用‘普通交易者/专业交易者’称谓，并明确按风险承受能力至少划分为C1–C5五类。三者分类依据因素高度一致（财产/资产状况、知识经验、专业能力等），义务主体分别为证券公司、期货经营机构、基金募集机构，均由《证券期货投资者适当性管理办法》（部门规章）统筹规范，该办法第四条明确其适用范围涵盖证券、期货、基金三类经营机构，且第四条第二款将《证券投资基金法》规定的投资人、基金份额持有人纳入‘投资者’定义。因此，分类逻辑统一、核心标准趋同，但具体表述、细化规则和执行依据分属不同层级文件（法律、部门规章、自律规则）。,4,,《证券期货投资者适当性管理办法》问答.pdf｜《证券期货投资者适当性管理办法》问答.pdf｜证监会令第202号_关于修改废止部分证券期货规章的决定.txt｜证券期货投资者适当性管理办法.txt,,√,
D7-02,跨业务线差异,高风险产品的冷静期要求在哪条业务线上有明确规定,命中,"第二十八条　经营机构向普通交易者销售或者提供高风险等级的产品或服务时，应当履行以下适当性义务：  

　　（一）追加了解交易者的相关信息；  

　　（二）向交易者提供特别风险警示书，揭示该产品或服务的高风险特征，由交易者签字确认；  

　　（三）给予交易者至少24小时的冷静期或至少增加一次回访告知特别风险。",否,ok,rerank,,说明,《期货经营机构交易者适当性管理实施细则》第二十八条,高风险产品的冷静期要求明确规定在自律规则《期货经营机构交易者适当性管理实施细则》第二十八条，该细则要求经营机构向普通交易者销售或提供高风险等级产品或服务时，须给予交易者至少24小时的冷静期或至少增加一次回访告知特别风险。该要求属于期货业协会发布的自律规则，效力层级为自律管理要求，不属于法律、行政法规或部门规章设定的法定义务。,1,,期货经营机构交易者适当性管理实施细则.html,,√,
D7-03,跨业务线差异,证券和期货在适当性义务上的法律规定有什么区别,命中至少两个层级,第八十八条 证券公司向投资者销售证券、提供服务时，应当按照规定充分了解投资者的基本情况、财产状况、金融资产状况、投资知识和经验、专业能力等相关信息；如实说明证券、服务的重要内容，充分揭示投资风险；销售、提供与投资者上述状况相匹配的证券、服务。投资者在购买证券或者接受服务时，应当按照证券公司明示的要求提供前款所列真实信息。拒绝提供或者未按照要求提供信息的，证券公司应当告知其后果，并按照规定拒绝向其销售证券、提供服务。证券公司违反第一款规定导致投资者损失的，应当承担相应的赔偿责任。|第五十条 期货经营机构向交易者提供服务时，应当按照规定充分了解交易者的基本情况、财产状况、金融资产状况、交易知识和经验、专业能力等相关信息；如实说明服务的重要内容，充分揭示交易风险；提供与交易者上述状况相匹配的服务。交易者在参与期货交易和接受服务时，应当按照期货经营机构明示的要求提供前款所列真实信息。拒绝提供或者未按照要求提供信息的，期货经营机构应当告知其后果，并按照规定拒绝提供服务。期货经营机构违反第一款规定导致交易者损失的，应当承担相应的赔偿责任。,否,ok,wiki,本条依据知识库词条「证券与期货适当性义务的法律规定对照」，它是对多条法规的预先编译，未经过单片段相似度排序。,说明,,证券与期货在适当性义务上的法律规定核心区别在于法律适用主体与称谓的法定区分：《证券法》第八十八条、第八十九条明确义务主体为‘证券公司’，适用对象为‘投资者’（分为普通投资者和专业投资者）；《期货和衍生品法》第五十条、第五十一条则明确义务主体为‘期货经营机构’，适用对象为‘交易者’（分为普通交易者和专业交易者）。二者均确立‘卖者有责’原则，要求经营机构充分了解客户、实施匹配、承担举证责任，且举证责任倒置规则高度一致。该区别属于法律层级的术语与主体适配安排，并非义务实质内容的差异。上述结论依据《中华人民共和国证券法》第八十八条、第八十九条及《中华人民共和国期货和衍生品法》第五十条、第五十一条，属法律明确规定，效力高于《证券期货投资者适当性管理办法》（部门规章）及交易所自律规则。,3,,《证券期货投资者适当性管理办法》问答.pdf｜《证券期货投资者适当性管理办法》问答.pdf｜证券交易业务指南第1号——投资者适当性管理.pdf,,√,
D7-04,跨业务线差异,基金销售和证券交易这两条线的自律管理分别由谁负责,命中至少两个层级,依据《基金募集机构投资者适当性管理实施指引（试行）》第五条，基金募集机构的适当性管理由中国证券投资基金业协会自律管理；依据《上海证券交易所会员管理业务指南第1号》，证券交易的适当性管理由上海证券交易所自律管理。,否,ok,wiki,本条依据知识库词条「各业务线自律管理主体对照」，它是对多条法规的预先编译，未经过单片段相似度排序。,说明,,基金销售业务的自律管理由中国证券投资基金业协会负责，依据是《公开募集证券投资基金投资者适当性管理细则》第一条明确援引《基金募集机构投资者适当性管理实施指引（试行）》，而该指引第五条授权协会对基金募集机构（含基金销售机构）的适当性管理进行自律管理；证券交易业务的自律管理主体未在检索片段中直接列明，但《证券期货投资者适当性管理办法》第五条明确证券期货交易场所及中国证券业协会等行业协会对经营机构履行适当性义务进行自律管理，其中中国证券业协会作为法定自律组织，依据《证券法》第一百六十九条第六项接受证监会指导监督，承担证券交易相关自律职责。上述依据均为部门规章或法律，效力层级清晰。,3,,公开募集证券投资基金投资者适当性管理细则.pdf｜证券期货投资者适当性管理办法.txt｜中华人民共和国证券投资基金法_20150424.docx,,√,
D7-05,跨业务线差异,基金线和期货线对产品风险等级的划分要求有什么不同,命中至少两个层级,"第三十八条 基金产品或者服务的风险等级要按照风险由低到高顺序，至少划分为：R1、R2、R3、R4、R5 五个等级。
　　基金募集机构可以根据实际情况在前款所列等级的基础上进一步进行风险细分。|第十九条　期货行业产品或服务的风险等级原则上由低到高划分为五级，分别为R1、R2、R3、R4、R5级。  

　　经营机构评估相关产品或服务的风险等级，不得低于协会名录规定的风险等级。  

　　高风险等级的产品或服务可以由经营机构自主确定，但应当至少包含本细则规定的R5风险等级的产品或服务。",否,ok,wiki,本条依据知识库词条「产品风险等级划分要求对照」，它是对多条法规的预先编译，未经过单片段相似度排序。,说明,,基金线与期货线均要求风险等级至少划分为R1至R5五个由低到高序列，且均允许在五级基础上进一步细分（基金线依据《基金募集机构投资者适当性管理实施指引（试行）》第三十八条；期货线依据《期货经营机构交易者适当性管理实施细则》第十九条）。差异在于：期货线明确要求‘评估相关产品或服务的风险等级，不得低于协会名录规定的风险等级’，并允许对高风险等级自主确定但须至少包含R5级；基金线未见同类强制对标协会名录的表述，仅规定可进一步细分。二者均为自律规则，效力层级相同，不构成法定义务，但属监管认可的行业执行标准。,2,,基金募集机构投资者适当性管理实施指引（试行）.html｜期货经营机构交易者适当性管理实施细则.html,,√,
D7-06,跨业务线差异,证券和期货在投资者分类的措辞上有什么差异,命中至少两个层级,第八十九条 根据财产状况、金融资产状况、投资知识和经验、专业能力等因素，投资者可以分为普通投资者和专业投资者。专业投资者的标准由国务院证券监督管理机构规定。普通投资者与证券公司发生纠纷的，证券公司应当证明其行为符合法律、行政法规以及国务院证券监督管理机构的规定，不存在误导、欺诈等情形。证券公司不能证明的，应当承担相应的赔偿责任。|第五十一条 根据财产状况、金融资产状况、交易知识和经验、专业能力等因素，交易者可以分为普通交易者和专业交易者。专业交易者的标准由国务院期货监督管理机构规定。普通交易者与期货经营机构发生纠纷的，期货经营机构应当证明其行为符合法律、行政法规以及国务院期货监督管理机构的规定，不存在误导、欺诈等情形。期货经营机构不能证明的，应当承担相应的赔偿责任。,否,ok,wiki,本条依据知识库词条「证券、期货、基金三条业务线的投资者分类制度对照」，它是对多条法规的预先编译，未经过单片段相似度排序。,说明,,根据《证券法》第八十九条，证券领域使用‘普通投资者’和‘专业投资者’的称谓；而《期货和衍生品法》第五十一条明确使用‘普通交易者’和‘专业交易者’的称谓。该差异系法律层面的术语区分，反映立法对两类市场参与主体的不同定位——证券法侧重‘投资’行为，期货和衍生品法则强调‘交易’属性。这一区别在《证券期货投资者适当性管理办法》第七条中被统一协调为‘普通投资者与专业投资者’，但该办法作为部门规章，不改变上位法对期货领域‘交易者’的法定称谓。,2,,《证券期货投资者适当性管理办法》问答.pdf｜《证券期货投资者适当性管理办法》问答.pdf,,√,
D7-07,跨业务线差异,基金线和期货线的回访要求有什么不同,命中至少两个层级,"第十二条 基金募集机构要建立健全普通投资者回访制度，对购买基金产品或者服务的普通投资者定期抽取一定比例进行回访，对持有 R5 等级基金产品或者服务的普通投资者增加回访比例和频次。
　　基金募集机构对回访时发现的异常情况进行持续跟踪，对异常情况进行核查，存在风险隐患的及时排查，并定期整理总结，以完善投资者适当性制度。|第三十三条　经营机构应当建立健全回访制度，由从事销售推介业务以外的人员，以电话、电邮、信函、短信等适当方式，每年抽取不低于上一年度末购买产品或接受服务的交易者总数（不含休眠账户及中止交易账户交易者）的10%进行适当性回访。对于下列普通交易者，经营机构应当进行回访：  

　　（一）生活来源主要依靠积蓄或社会保障的；  

　　（二）购买或接受高风险产品或服务的；   

　　（三）中国证监会、协会和经营机构认为必要的其他交易者。",否,ok,wiki,本条依据知识库词条「回访要求对照」，它是对多条法规的预先编译，未经过单片段相似度排序。,说明,,基金线与期货线的回访要求均出自自律规则（《基金募集机构投资者适当性管理实施指引（试行）》和《期货经营机构交易者适当性管理实施细则》），非法律或部门规章，效力层级相同。主要差异在于：（1）回访对象：基金线限于购买基金产品或服务的普通投资者；期货线除全体购买产品或服务的交易者（不含休眠/中止账户）外，还强制要求对三类特定普通交易者（生活来源依赖积蓄或社保、购买高风险产品、监管或机构认为必要者）进行回访；（2）频次：基金线仅要求‘定期抽取一定比例’并针对R5产品‘增加比例和频次’，未明确最低比例；期货线明确要求‘每年不低于上一年度末总数的10%’；（3）执行人员：期货线明确要求由‘从事销售推介业务以外的人员’执行，基金线未作此项限定；（4）回访内容：基金线第十三条聚焦本人身份、风险知晓、匹配意见、费用损失及禁止行为五项；期货线第三十四条扩展至八项，包括本人/机构身份、问卷签字真实性、信息变化、风险匹配认知、费用损失、禁止行为，并新增‘中国证监会、协会和经营机构认为必要的其他内容’兜底条款。,3,,期货经营机构交易者适当性管理实施细则.html｜期货经营机构交易者适当性管理实施细则.html｜基金募集机构投资者适当性管理实施指引（试行）.html,,√,
D7-08,跨业务线差异,交易所和行业协会在适当性管理里各自负责什么,命中至少两个层级,依据《证券期货投资者适当性管理办法》第五条，证券期货交易场所、登记结算机构及中证协、中期协、中基协等自律组织对经营机构履行适当性义务进行自律管理；依据第三十六条，交易场所制定本市场的适当性管理自律规则，行业协会制定会员落实要求的自律规则并定期更新风险等级名录。,否,ok,wiki,本条依据知识库词条「自律管理分工对照」，它是对多条法规的预先编译，未经过单片段相似度排序。,说明,《证券期货投资者适当性管理办法》第三十六条,根据部门规章《证券期货投资者适当性管理办法》第三十六条，交易所负责制定完善本市场相关产品或服务的适当性管理自律规则；行业协会负责制定完善会员落实适当性管理要求的自律规则，制定并定期更新本行业的产品或服务风险等级名录，以及风险承受能力最低的投资者类别，供经营机构参考。此外，二者均负有督促、引导会员履行适当性义务的职责，并对备案的高风险产品或服务的适当性安排予以重点关注。该条款属于部门规章层级，具有法定约束力。,2,,证券期货投资者适当性管理办法.txt｜《证券期货投资者适当性管理办法》问答.pdf,,√,
D7-09,跨业务线差异,基金线和期货线在销售人员管理上有什么共同要求,命中至少两个层级,"第九条 基金募集机构要建立对销售人员的考核、监督问责、培训等机制规范销售人员履行投资者适当性工作职责的情况。
　　基金募集机构不得采取鼓励其向投资者销售不适当基金产品或者服务的考核、激励机制或措施。|第三十七条　经营机构应当将相关岗位从业人员的适当性工作履职情况、投诉情况等纳入监督问责机制，确保从业人员切实履行适当性义务。  

　　经营机构不得采取可能鼓励其从业人员向交易者销售不适当产品或提供不适当服务的考核、激励机制或措施。",否,ok,wiki,本条依据知识库词条「销售人员管理要求对照」，它是对多条法规的预先编译，未经过单片段相似度排序。,说明,,基金线与期货线在销售人员管理上均要求：（1）不得设置鼓励销售不适当产品或服务的考核、激励机制——依据《基金募集机构投资者适当性管理实施指引（试行）》第九条（自律规则）和《期货经营机构交易者适当性管理实施细则》第三十七条（自律规则）；（2）须建立监督问责机制，将销售人员履职情况、投诉情况等纳入其中——同上两条；（3）须加强日常管理并建立管理档案，记录行为、诚信、奖惩等——依据《基金募集机构投资者适当性管理实施指引（试行）》第十条（片段1）；（4）销售人员不得参与投资者分类、产品分级及匹配工作，即实行职责隔离——依据《期货经营机构交易者适当性管理实施细则》第三十二条（知识库词条明确引用，但未在检索片段中直接出现原文，故未填入依据片段）。上述要求均出自行业协会发布的自律规则，不属于法律、行政法规或部门规章层面的法定义务，而是行业自律管理要求。,2,,基金募集机构投资者适当性管理实施指引（试行）.html｜期货经营机构交易者适当性管理实施细则.html,,√,
D7-10,跨业务线差异,证券线和基金线对资料保存期限的要求一样吗,命中至少两个层级,依据《证券期货投资者适当性管理办法》第三十二条和《基金募集机构投资者适当性管理实施指引（试行）》第十七条，两条线都要求相关资料至少保存 20 年，要求一致。,否,ok,wiki,本条依据知识库词条「适当性资料保存期限对照」，它是对多条法规的预先编译，未经过单片段相似度排序。,说明,《证券期货投资者适当性管理办法》第三十二条、《基金募集机构投资者适当性管理实施指引（试行）》第十七条,证券线与基金线对适当性资料的保存期限要求实质一致，均为‘不得少于20年’或‘至少保存20年’。其中，《证券期货投资者适当性管理办法》第三十二条（部门规章）明确要求匹配方案、告知警示资料、录音录像资料、自查报告等保存期限‘不得少于20年’；《基金募集机构投资者适当性管理实施指引（试行）》第十七条（中国证券投资基金业协会发布的自律规则）规定同类资料‘至少保存20年’。二者在期限标准上无实质差异，但效力层级不同：前者为证监会部门规章，具有行政监管约束力；后者为行业自律规则，属自律管理要求。,2,,证券期货投资者适当性管理办法.txt｜基金募集机构投资者适当性管理实施指引（试行）.html,,√,
D7-11,跨业务线差异,基金线和证券线的适当性匹配原则分别是怎么表述的,命中至少两个层级,"第四十四条 基金募集机构要根据普通投资者风险承受能力和基金产品或者服务的风险等级建立以下适当性匹配原则：
　　（一）C1 型（含最低风险承受能力类别）普通投资者可以购买 R1 级基金产品或者服务；
　　（二）C2 型普通投资者可以购买 R2 级及以下风险等级的基金产品或者服务；
　　（三）C3 型普通投资者可以购买 R3 级及以下风险等级的基金产品或者服务；
　　（四）C4 型普通投资者可以购买 R4 级及以下风险等级的基金产品或者服务；
　　（五）C5 型普通投资者可以购买所有风险等级的基金产品或者服务。|第十八条　经营机构应当根据产品或者服务的不同风险等级，对其适合销售产品或者提供服务的投资者类型作出判断，根据投资者的不同分类，对其适合购买的产品或者接受的服务作出判断。",否,ok,wiki,本条依据知识库词条「适当性匹配原则对照」，它是对多条法规的预先编译，未经过单片段相似度排序。,说明,,基金线的适当性匹配原则由《基金募集机构投资者适当性管理实施指引（试行）》第四十四条明确规定，按普通投资者风险承受能力等级（C1-C5）与基金产品风险等级（R1-R5）逐级对应：C1仅可购买R1级，C2可购买R2及以下，依此类推，C5可购买所有等级。证券线未在检索片段中单独列明独立匹配规则；但知识库词条指出其依据为《证券期货投资者适当性管理办法》第十八条，而该办法本身是部门规章，统领全市场，基金、期货等各条线细则均属其下位自律规则。因此，证券线匹配原则实际通过该办法授权，并由各行业自律规则具体落实，当前检索片段仅提供基金线（第四十四条）和期货线（第二十四条）的明确表述，未见证券线专属条款。,1,,基金募集机构投资者适当性管理实施指引（试行）.html,,√,
D7-12,跨业务线差异,期货和证券在违反适当性义务的行政处罚上有什么不同,命中至少两个层级,"第六十六条　期货公司有下列行为之一的，责令改正，给予警告，没收违法所得，并处违法所得1倍以上3倍以下的罚款；没有违法所得或者违法所得不满10万元的，并处10万元以上30万元以下的罚款；情节严重的，责令停业整顿或者吊销期货业务许可证：
(一)接受不符合规定条件的单位或者个人委托的；
(二)允许客户在保证金不足的情况下进行期货交易的；
(三)未经批准，擅自办理本条例第十九条所列事项的；
(四)违反规定从事与期货业务无关的活动的；
(五)从事或者变相从事期货自营业务的；
(六)为其股东、实际控制人或者其他关联人提供融资，或者对外担保的；
(七)违反国务院期货监督管理机构有关保证金安全存管监控规定的；
(八)不按照规定向国务院期货监督管理机构履行报告义务或者报送有关文件、资料的；
(九)交易软件、结算软件不符合期货公司审慎经营和风险管理以及国务院期货监督管理机构有关保证金安全存管监控规定的要求的；
(十)不按照规定提取、管理和使用风险准备金的；
(十一)伪造、涂改或者不按照规定保存期货交易、结算、交割资料的；
(十二)任用不具备资格的期货从业人员的；
(十三)伪造、变造、出租、出借、买卖期货业务许可证或者经营许可证的；
(十四)进行混码交易的；
(十五)拒绝或者妨碍国务院期货监督管理机构监督检查的；
(十六)违反国务院期货监督管理机构规定的其他行为。
期货公司有前款所列行为之一的，对直接负责的主管人员和其他直接责任人员给予警告，并处1万元以上5万元以下的罚款；情节严重的，暂停或者撤销期货从业人员资格。
期货公司之外的其他期货经营机构有本条第一款第八项、第十二项、第十三项、第十五项、第十六项所列行为的，依照本条第一款、第二款的规定处罚。
期货公司的股东、实际控制人或者其他关联人未经批准擅自委托他人或者接受他人委托持有或者管理期货公司股权的，拒不配合国务院期货监督管理机构的检查，拒不按照规定履行报告义务、提供有关信息和资料，或者报送、提供的信息和资料有虚假记载、误导性陈述或者重大遗漏的，依照本条第一款、第二款的规定处罚。|第八十三条　证券公司违反本条例的规定，有下列情形之一的，责令改正，给予警告，没收违法所得，并处以违法所得1倍以上5倍以下的罚款；没有违法所得或者违法所得不足10万元的，处以10万元以上30万元以下的罚款；情节严重的，暂停或者撤销其相关证券业务许可。对直接负责的主管人员和其他直接责任人员，给予警告，并处以3万元以上10万元以下的罚款；情节严重的，撤销任职资格或者证券从业资格：
(一)违反规定委托其他单位或者个人进行客户招揽、客户服务或者产品销售活动；
(二)向客户提供投资建议，对证券价格的涨跌或者市场走势做出确定性的判断；
(三)违反规定委托他人代为买卖证券；
(四)从事证券自营业务、证券资产管理业务，投资范围或者投资比例违反规定；
(五)从事证券资产管理业务，接受一个客户的单笔委托资产价值低于规定的最低限额。",否,ok,wiki,本条依据知识库词条「违反适当性义务的后果对照」，它是对多条法规的预先编译，未经过单片段相似度排序。,说明,,期货和证券在违反适当性义务的行政处罚上存在差异，主要体现在法律依据、罚款幅度、是否没收违法所得及情节严重后果等方面。依据《期货和衍生品法》第一百三十五条（法律层级），期货经营机构违反交易者适当性管理规定的，责令改正，给予警告，没收违法所得，并处违法所得一倍以上十倍以下罚款；无违法所得或不足五十万元的，处五十万元以上五百万元以下罚款；情节严重的，吊销业务许可；对直接责任人员处二十万元以上二百万元以下罚款。而证券领域主要适用《证券法》第一百九十八条（法律层级）和《证券期货投资者适当性管理办法》第四十一条（部门规章），前者规定十万元以上一百万元以下罚款、不没收违法所得、无情节严重特别后果；后者规定3万元以下罚款、不没收违法所得、亦无情节严重特别后果。此外，《证券公司监督管理条例》第八十四条（行政法规）和《期货交易管理条例》第六十六条（行政法规）也分别设定了不同标准的罚款与没收违法所得要求。上述差异体现为法律位阶一致但具体罚则设计不同，且期货领域在新法下显著提高了处罚力度。,2,,《证券期货投资者适当性管理办法》问答.pdf｜中华人民共和国期货和衍生品法_20220420.pdf,,√,
D7-13,跨业务线差异,基金募集机构和期货经营机构分别是哪个协会管,命中至少两个层级,第五条 协会依据法律法规和自律规则，对基金募集机构投资者适当性制度建立及实施情况进行自律管理。|第四条　中国期货业协会（以下简称“协会”）按照《办法》、本细则及其他规定对经营机构履行适当性义务进行自律管理。,否,ok,wiki,本条依据知识库词条「各业务线自律管理主体对照」，它是对多条法规的预先编译，未经过单片段相似度排序。,说明,,基金募集机构由**中国证券投资基金业协会**自律管理，依据是《基金募集机构投资者适当性管理实施指引（试行）》第二条对基金募集机构的定义及第五条（知识库词条明确援引），该指引为协会发布的自律规则；期货经营机构由**中国期货业协会**自律管理，依据是《期货经营机构交易者适当性管理实施细则》第四条，该细则为期货业协会发布的自律规则。二者均属行业协会自律管理范畴，非法律、行政法规或部门规章设定的法定义务主体。,2,,基金募集机构投资者适当性管理实施指引（试行）.html｜期货经营机构交易者适当性管理实施细则.html,,√,
D7-14,跨业务线差异,证券和期货两条线谁负责制定产品风险等级名录,命中至少两个层级,"第三十六条　证券期货交易场所应当制定完善本市场相关产品或者服务的适当性管理自律规则。
行业协会应当制定完善会员落实适当性管理要求的自律规则，制定并定期更新本行业的产品或者服务风险等级名录以及本办法第十九条、第二十二条规定的风险承受能力最低的投资者类别，供经营机构参考。经营机构评估相关产品或者服务的风险等级不得低于名录规定的风险等级。
证券期货交易场所、行业协会应当督促、引导会员履行适当性义务，对备案产品或者相关服务应当重点关注高风险产品或者服务的适当性安排。|第十八条　协会负责制定期货行业的产品或服务风险等级名录。如产品或服务发生变化，协会应根据情况及时更新名录。",否,ok,wiki,本条依据知识库词条「产品风险等级名录的制定责任对照」，它是对多条法规的预先编译，未经过单片段相似度排序。,说明,《证券期货投资者适当性管理办法》第三十六条；《期货经营机构交易者适当性管理实施细则》第十八条,根据部门规章《证券期货投资者适当性管理办法》第三十六条，行业协会负有制定并定期更新‘本行业’产品或服务风险等级名录的义务；该条款明确将制定主体限定为行业协会，且效力层级为部门规章。同期，自律规则《期货经营机构交易者适当性管理实施细则》第十八条进一步明确‘协会负责制定期货行业的产品或服务风险等级名录’，与上位规章保持一致。因此，证券和期货两条线的风险等级名录均由各自对应的行业协会（如中国证券业协会、中国期货业协会）负责制定，而非证监会、交易所或经营机构。,2,,期货经营机构交易者适当性管理实施细则.html｜证券期货投资者适当性管理办法.txt,,√,
D7-15,跨业务线差异,三条业务线在最低风险承受能力类别的认定上有什么异同,命中至少两个层级,"第二十九条 基金募集机构可以将 C1 中符合下列情形之一的自然人，作为风险承受能力最低类别投资者：
　　（一）不具有完全民事行为能力；
　　（二）没有风险容忍度或者不愿承受任何投资损失；
　　（三）法律、行政法规规定的其他情形。|第十二条　风险承受能力经评估为C1类的自然人交易者，符合以下情形之一的，经营机构可以将其认定为风险承受能力最低类别的交易者：  

　　（一）不具有完全民事行为能力；  

　　（二）没有风险容忍度或者不愿承受任何交易损失；  

　　（三）法律、行政法规规定的其他情形。",否,ok,wiki,本条依据知识库词条「风险承受能力最低类别投资者的认定对照」，它是对多条法规的预先编译，未经过单片段相似度排序。,说明,,三条业务线（基金募集、期货交易、证券期货统一监管）对风险承受能力最低类别投资者的认定均以C1类为基础，并采用‘可以认定’的授权性表述，非强制性义务；认定条件高度一致：均包含（一）不具有完全民事行为能力、（二）没有风险容忍度或不愿承受任何损失、（三）法律行政法规规定的其他情形。其中，基金与期货规则分别出自中国证券投资基金业协会、中国期货业协会发布的自律规则（片段1、5），而《证券期货投资者适当性管理办法》作为部门规章（片段2问答中援引），确立了禁止向该类投资者销售高风险产品的法定义务，构成上位监管要求。因此，基金和期货自律规则是对办法第十九条、第二十条的细化落实，效力层级不同但内容协同。,3,,期货经营机构交易者适当性管理实施细则.html｜基金募集机构投资者适当性管理实施指引（试行）.html｜《证券期货投资者适当性管理办法》问答.pdf,,√,
D8-01,边界与拒答,美国SEC的投资者适当性规则是什么,应拒答,应说明本知识库只覆盖国内证券期货监管法规，不收录美国 SEC 规则；不得用国内规则替答。,否,ok,rerank,,说明,,检索片段全部来源于中国证监会、交易所及行业协会发布的境内证券期货监管规则，未涉及美国证券交易委员会（SEC）的任何规则、文件或内容。因此，知识库中没有关于美国SEC投资者适当性规则的信息。,0,,,,√,
D8-02,边界与拒答,欧盟MiFID II对适当性有什么要求,应拒答,应说明不覆盖欧盟 MiFID II 等境外规则。,否,ok,rerank,,说明,,知识库中未提供关于欧盟MiFID II的任何内容，所有检索片段均聚焦于中国证券期货及基金行业的适当性管理制度，不涉及境外监管规则。,0,,,,√,
D8-03,边界与拒答,巴塞尔协议对投资者适当性有规定吗,应拒答,应说明巴塞尔协议不在收录范围，且它属于银行资本监管框架，与投资者适当性不是同一类问题。,是,model_abstain,rerank,,无法判断,,知识库中所有检索片段均未提及巴塞尔协议，也未说明其与投资者适当性管理存在关联。巴塞尔协议是国际清算银行下设的巴塞尔银行监管委员会制定的银行业监管框架，主要规范银行资本充足率、风险管理和监管监督，不属于我国证券期货监管体系内的法律、行政法规、部门规章或自律规则；本知识库所载文件均为中国证监会及基金业协会发布的证券期货领域适当性管理相关规定，不涉及巴塞尔协议。,0,,,拒答：模型判断现有资料不足以回答,√,
D8-04,边界与拒答,香港证监会对专业投资者的规定和内地一样吗,应拒答,应说明只覆盖内地法规，不做内地与香港规则的对比。,是,model_abstain,rerank,,无法判断,,知识库中未提供香港证监会关于专业投资者的任何规定，所有检索片段均仅涉及内地证券期货监管体系下的投资者分类规则，包括《证券法》《证券期货投资者适当性管理办法》及配套自律规则。香港特别行政区的监管规则由香港证监会制定，属于境外法律制度，本知识库未收录相关内容。,0,,,拒答：模型判断现有资料不足以回答,√,
D8-05,边界与拒答,新加坡MAS的投资者分类标准是什么,应拒答,应说明不覆盖新加坡 MAS 规则。,是,model_abstain,rerank,,无法判断,,知识库中所有检索片段均涉及中国境内的证券期货或基金监管规则，包括《证券期货投资者适当性管理办法》《证券法》及行业协会自律规则等，未包含新加坡金融管理局（MAS）的任何规定、标准或文件。因此，资料中没有关于新加坡MAS投资者分类标准的信息。,0,,,拒答：模型判断现有资料不足以回答,√,
D8-06,边界与拒答,证券期货投资者适当性管理办法第八十条怎么规定的,应拒答,应明确指出《证券期货投资者适当性管理办法》共 43 条，不存在第八十条；不得拿其它条文充当。,是,citation_missing,none,,无法判断,,已识别到《证券期货投资者适当性管理办法》第八十条，但知识库里没有收录这一条。（法规名和条号都解析成功，这是确定结果，不是"没搜到"） 如果你认为这部法规应该包含这一条，可以核对一下版本；也可以去「文档管理」确认这部法规是否已经入库。,0,,,拒答：已识别到《证券期货投资者适当性管理办法》第八十条，但知识库里没有收录这一条。（法规名和条号都解析成功，这是确定结果，不是"没搜到"）,√,
D8-07,边界与拒答,中华人民共和国证券法第三百条怎么规定的,应拒答,应明确指出《中华人民共和国证券法》共 226 条，不存在第三百条。,是,citation_missing,none,,无法判断,,已识别到《中华人民共和国证券法》第三百条，但知识库里没有收录这一条。（法规名和条号都解析成功，这是确定结果，不是"没搜到"） 如果你认为这部法规应该包含这一条，可以核对一下版本；也可以去「文档管理」确认这部法规是否已经入库。,0,,,拒答：已识别到《中华人民共和国证券法》第三百条，但知识库里没有收录这一条。（法规名和条号都解析成功，这是确定结果，不是"没搜到"）,√,
D8-08,边界与拒答,创业板投资者适当性管理办法第三十条怎么规定的,应拒答,应明确指出《深圳证券交易所创业板投资者适当性管理实施办法》共 15 条，不存在第三十条。,是,citation_missing,none,,无法判断,,已识别到《深圳证券交易所创业板投资者适当性管理》第三十条，但知识库里没有收录这一条。（法规名和条号都解析成功，这是确定结果，不是"没搜到"） 如果你认为这部法规应该包含这一条，可以核对一下版本；也可以去「文档管理」确认这部法规是否已经入库。,0,,,拒答：已识别到《深圳证券交易所创业板投资者适当性管理》第三十条，但知识库里没有收录这一条。（法规名和条号都解析成功，这是确定结果，不是"没搜到"）,√,
D8-09,边界与拒答,帮我写一份适当性管理整改方案,应说明资料不足,应说明知识库只收录法规原文、不含方案模板，无法据以起草；可以改为列出该方案需要覆盖哪些法定要求。,是,model_abstain,rerank,,无法判断,,知识库中没有提供适当性管理整改方案的模板、结构、必备要素或监管要求的具体内容。检索片段仅包含部分自律规则和规范性文件中关于适当性管理职责、权限开通、自查频率等零散要求（如片段1、2、4），但未涉及整改方案的制定依据、格式、内容要点或审批流程。根据硬规则五，此类产出类请求必须有知识库中的直接依据支撑，否则不得生成具体内容。,0,,,拒答：模型判断现有资料不足以回答,√,
D8-10,边界与拒答,给我推荐几只适合买的基金,应拒答,应拒答：不提供投资建议。,是,model_abstain,rerank,,无法判断,,知识库中没有提供任何关于具体基金产品推荐、业绩表现、风险等级或适配性评估标准的实质性内容；所有检索片段仅涉及投资者适当性管理的程序性要求（如了解客户、推荐适当产品）、法规依据或规则制定目的，未包含可支撑‘推荐具体基金’的客观标准或产品清单。根据监管要求，基金推荐必须基于对客户身份、财产状况、投资经验及风险偏好的全面了解，并匹配产品风险等级，而本知识库未提供任何客户画像数据或基金产品信息，因此无法完成该请求。,0,,,拒答：模型判断现有资料不足以回答,√,
D8-11,边界与拒答,预测一下明年适当性监管会怎么处罚,应拒答,应拒答：不预测监管动向或处罚结果。,是,model_abstain,rerank,,无法判断,,知识库中没有关于明年适当性监管处罚趋势、预测性安排或未来监管政策调整方向的任何信息。所有检索片段仅描述现行有效的法规、规章及自律规则的既有规定和实施要求，不包含对后续年度监管执法力度、重点或处罚方式的预测内容。预测监管处罚属于政策研判范畴，需依赖监管部门最新工作部署、年度监管通报或权威解读，而本知识库未收录此类前瞻性材料。,0,,,拒答：模型判断现有资料不足以回答,√,
D8-12,边界与拒答,帮我写一封给客户的风险提示邮件,应说明资料不足,应说明知识库不含函件模板；可以改为列出风险提示依法应当包含哪些内容。,是,model_abstain,rerank,,无法判断,,知识库中没有提供风险提示邮件的模板、格式、必备要素或监管认可的范本；所有检索片段仅规定了风险揭示义务（如‘出示风险说明书’‘签字确认’‘揭示期货市场风险’‘持续提醒’等），但未规定邮件这一具体载体的内容、结构或措辞要求。该请求属于生成类任务，而知识库仅收录法规条文及解释性问答，不包含文书模板或实操指引。,0,,,拒答：模型判断现有资料不足以回答,√,
D8-13,边界与拒答,2017年版的适当性管理办法原文是什么,应说明语料只覆盖现行版本,2016年5月26日中国证券监督管理委员会第7次主席办公会议审议通过，根据2020年10月30日中国证券监督管理委员会《关于修改、废止部分证券期货规章的决定》第一次修正，根据2022年8月12日中国证券监督管理委员会《关于修改、废止部分证券期货规章的决定》第二次修正,否,ok,rerank,,说明,,知识库中未提供《证券期货投资者适当性管理办法》2017年版的原文内容，仅包含该办法的问答解读、配套自律规则及实施指引等衍生文件。这些片段均引用或依据该办法，但未载明其条文原文。根据硬规则一，具体条款内容必须在检索片段中有原文依据，否则不得推断或复述。,5,,《证券期货投资者适当性管理办法》问答.pdf｜《证券期货投资者适当性管理办法》问答.pdf｜期货经营机构交易者适当性管理实施细则.html｜证券交易业务指南第1号——投资者适当性管理.pdf｜基金募集机构投资者适当性管理实施指引（试行）.html,,√,
D8-14,边界与拒答,2020年那次修正是改了什么内容,应说明语料只覆盖现行版本,2016年5月26日中国证券监督管理委员会第7次主席办公会议审议通过，根据2020年10月30日中国证券监督管理委员会《关于修改、废止部分证券期货规章的决定》第一次修正，根据2022年8月12日中国证券监督管理委员会《关于修改、废止部分证券期货规章的决定》第二次修正,否,ok,rerank,,说明,,《证券期货投资者适当性管理办法》在2020年10月30日经中国证监会《关于修改、废止部分证券期货规章的决定》进行了第一次修正，但检索片段中未载明该次修正的具体修改内容。,1,,证券期货投资者适当性管理办法.txt,,√,
D8-15,边界与拒答,2023年之后适当性管理办法又修订过吗,应说明语料只覆盖到2022年修正,2016年5月26日中国证券监督管理委员会第7次主席办公会议审议通过，根据2020年10月30日中国证券监督管理委员会《关于修改、废止部分证券期货规章的决定》第一次修正，根据2022年8月12日中国证券监督管理委员会《关于修改、废止部分证券期货规章的决定》第二次修正,否,ok,rerank,,说明,,《证券期货投资者适当性管理办法》最新修正时间为2022年8月12日，依据中国证监会《关于修改、废止部分证券期货规章的决定》第二次修正；检索片段中未提及2023年及之后的任何修订信息。该办法属于部门规章，其修订须以证监会正式发布决定为准，知识库中无2023年后修订的依据。,1,,证券期货投资者适当性管理办法.txt,,√,
